-- MySQL dump 10.13  Distrib 8.0.42, for Linux (x86_64)
--
-- Host: localhost    Database: my_database
-- ------------------------------------------------------
-- Server version	8.0.42-0ubuntu0.22.04.1

/*!40101 SET @OLD_CHARACTER_SET_CLIENT=@@CHARACTER_SET_CLIENT */;
/*!40101 SET @OLD_CHARACTER_SET_RESULTS=@@CHARACTER_SET_RESULTS */;
/*!40101 SET @OLD_COLLATION_CONNECTION=@@COLLATION_CONNECTION */;
/*!50503 SET NAMES utf8mb4 */;
/*!40103 SET @OLD_TIME_ZONE=@@TIME_ZONE */;
/*!40103 SET TIME_ZONE='+00:00' */;
/*!40014 SET @OLD_UNIQUE_CHECKS=@@UNIQUE_CHECKS, UNIQUE_CHECKS=0 */;
/*!40014 SET @OLD_FOREIGN_KEY_CHECKS=@@FOREIGN_KEY_CHECKS, FOREIGN_KEY_CHECKS=0 */;
/*!40101 SET @OLD_SQL_MODE=@@SQL_MODE, SQL_MODE='NO_AUTO_VALUE_ON_ZERO' */;
/*!40111 SET @OLD_SQL_NOTES=@@SQL_NOTES, SQL_NOTES=0 */;

--
-- Table structure for table `alembic_version`
--

DROP TABLE IF EXISTS `alembic_version`;
/*!40101 SET @saved_cs_client     = @@character_set_client */;
/*!50503 SET character_set_client = utf8mb4 */;
CREATE TABLE `alembic_version` (
  `version_num` varchar(32) COLLATE utf8mb4_unicode_ci NOT NULL,
  PRIMARY KEY (`version_num`)
) ENGINE=InnoDB DEFAULT CHARSET=utf8mb4 COLLATE=utf8mb4_unicode_ci;
/*!40101 SET character_set_client = @saved_cs_client */;

--
-- Dumping data for table `alembic_version`
--

LOCK TABLES `alembic_version` WRITE;
/*!40000 ALTER TABLE `alembic_version` DISABLE KEYS */;
INSERT INTO `alembic_version` VALUES ('24cc9e2bd4da');
/*!40000 ALTER TABLE `alembic_version` ENABLE KEYS */;
UNLOCK TABLES;

--
-- Table structure for table `blocked_users`
--

DROP TABLE IF EXISTS `blocked_users`;
/*!40101 SET @saved_cs_client     = @@character_set_client */;
/*!50503 SET character_set_client = utf8mb4 */;
CREATE TABLE `blocked_users` (
  `blocker_id` int NOT NULL,
  `blocked_id` int NOT NULL,
  PRIMARY KEY (`blocker_id`,`blocked_id`),
  KEY `blocked_id` (`blocked_id`),
  CONSTRAINT `blocked_users_ibfk_1` FOREIGN KEY (`blocker_id`) REFERENCES `user` (`id`),
  CONSTRAINT `blocked_users_ibfk_2` FOREIGN KEY (`blocked_id`) REFERENCES `user` (`id`)
) ENGINE=InnoDB DEFAULT CHARSET=utf8mb4 COLLATE=utf8mb4_unicode_ci;
/*!40101 SET character_set_client = @saved_cs_client */;

--
-- Dumping data for table `blocked_users`
--

LOCK TABLES `blocked_users` WRITE;
/*!40000 ALTER TABLE `blocked_users` DISABLE KEYS */;
/*!40000 ALTER TABLE `blocked_users` ENABLE KEYS */;
UNLOCK TABLES;

--
-- Table structure for table `bookmarks`
--

DROP TABLE IF EXISTS `bookmarks`;
/*!40101 SET @saved_cs_client     = @@character_set_client */;
/*!50503 SET character_set_client = utf8mb4 */;
CREATE TABLE `bookmarks` (
  `user_id` int NOT NULL,
  `product_id` int NOT NULL,
  PRIMARY KEY (`user_id`,`product_id`),
  KEY `product_id` (`product_id`),
  CONSTRAINT `bookmarks_ibfk_1` FOREIGN KEY (`user_id`) REFERENCES `user` (`id`),
  CONSTRAINT `bookmarks_ibfk_2` FOREIGN KEY (`product_id`) REFERENCES `product` (`id`)
) ENGINE=InnoDB DEFAULT CHARSET=utf8mb4 COLLATE=utf8mb4_unicode_ci;
/*!40101 SET character_set_client = @saved_cs_client */;

--
-- Dumping data for table `bookmarks`
--

LOCK TABLES `bookmarks` WRITE;
/*!40000 ALTER TABLE `bookmarks` DISABLE KEYS */;
/*!40000 ALTER TABLE `bookmarks` ENABLE KEYS */;
UNLOCK TABLES;

--
-- Table structure for table `category`
--

DROP TABLE IF EXISTS `category`;
/*!40101 SET @saved_cs_client     = @@character_set_client */;
/*!50503 SET character_set_client = utf8mb4 */;
CREATE TABLE `category` (
  `id` int NOT NULL AUTO_INCREMENT,
  `name` varchar(50) COLLATE utf8mb4_unicode_ci NOT NULL,
  `icon` varchar(50) COLLATE utf8mb4_unicode_ci DEFAULT NULL,
  `parent_id` int DEFAULT NULL,
  PRIMARY KEY (`id`),
  KEY `parent_id` (`parent_id`),
  CONSTRAINT `category_ibfk_1` FOREIGN KEY (`parent_id`) REFERENCES `category` (`id`)
) ENGINE=InnoDB AUTO_INCREMENT=17 DEFAULT CHARSET=utf8mb4 COLLATE=utf8mb4_unicode_ci;
/*!40101 SET character_set_client = @saved_cs_client */;

--
-- Dumping data for table `category`
--

LOCK TABLES `category` WRITE;
/*!40000 ALTER TABLE `category` DISABLE KEYS */;
INSERT INTO `category` VALUES (1,'ุงุจุฒุงุฑ ฺฉุฑฺฏุฑ','bi-drill',NULL),(2,'ุฏุฑู','bi-wrench',1),(3,'ูุฑุฒ','bi-gear',1),(4,'ฺฉููพุฑุณูุฑ','bi-wind',1),(5,'ุงุจุฒุงุฑ ุงูุฏุงุฒู ฺฏุฑ','bi-rulers',NULL),(6,'ุงุฑู ุจุฑู','bi-tree',5),(7,'ฺููโุฒู','bi-flower3',5),(8,'ูุชู ู ููู','bi-tools',NULL),(9,'ุฌฺฉ ูุฏุฑููฺฉ','bi-car-front',8),(10,'ุขฺุงุฑ ุจฺฉุณ','bi-wrench-adjustable',8),(11,'ุณุณุชู ูุฎฺฉูุจ ูุง','bi-hammer',NULL),(12,'ุงุจุฒุงุฑ ุจุฑู','bi-lightning-charge',NULL),(13,'ุงุจุฒุงุฑ ุดุงุฑฺ','bi-battery-full',NULL),(14,'ุงุจุฒุงุฑ ุฏุณุช','bi-battery-full',NULL),(15,'ุจุชู ฺฉู','bi-hammer',NULL),(16,'ุงุฑู','bi-tree',5);
/*!40000 ALTER TABLE `category` ENABLE KEYS */;
UNLOCK TABLES;

--
-- Table structure for table `chat_bot_interaction`
--

DROP TABLE IF EXISTS `chat_bot_interaction`;
/*!40101 SET @saved_cs_client     = @@character_set_client */;
/*!50503 SET character_set_client = utf8mb4 */;
CREATE TABLE `chat_bot_interaction` (
  `id` int NOT NULL AUTO_INCREMENT,
  `user_id` int DEFAULT NULL,
  `user_query` text COLLATE utf8mb4_unicode_ci NOT NULL,
  `bot_response` text COLLATE utf8mb4_unicode_ci NOT NULL,
  `created_at` datetime DEFAULT NULL,
  `products_related` varchar(255) COLLATE utf8mb4_unicode_ci DEFAULT NULL,
  PRIMARY KEY (`id`),
  KEY `user_id` (`user_id`),
  CONSTRAINT `chat_bot_interaction_ibfk_1` FOREIGN KEY (`user_id`) REFERENCES `user` (`id`)
) ENGINE=InnoDB AUTO_INCREMENT=91 DEFAULT CHARSET=utf8mb4 COLLATE=utf8mb4_unicode_ci;
/*!40101 SET character_set_client = @saved_cs_client */;

--
-- Dumping data for table `chat_bot_interaction`
--

LOCK TABLES `chat_bot_interaction` WRITE;
/*!40000 ALTER TABLE `chat_bot_interaction` DISABLE KEYS */;
INSERT INTO `chat_bot_interaction` VALUES (1,1,'ุจู ุฏูุจุงู ุฏุฑู ุดุงุฑฺ ูุณุชู','ุฎุทุง ุฏุฑ ุฏุฑุฎูุงุณุช API: 402','2025-05-12 12:13:13','20,21,22,23,24'),(2,1,'ุณูุงู','ุฎุทุง: ุณุฑูุณ ฺุช ุฏุฑ ุญุงู ุญุงุถุฑ ุฏุฑ ุฏุณุชุฑุณ ูุณุช (ูพฺฉุฑุจูุฏ ุณุฑูุฑ ูุงูุต ุงุณุช).','2025-06-02 08:32:22',NULL),(3,1,'ุณูุงู ูุฑุฒ ุดุงุฑฺ ูพุฏุง ฺฉู','ุฎุทุง: ุณุฑูุณ ฺุช ุฏุฑ ุญุงู ุญุงุถุฑ ุฏุฑ ุฏุณุชุฑุณ ูุณุช (ูพฺฉุฑุจูุฏ ุณุฑูุฑ ูุงูุต ุงุณุช).','2025-06-02 08:32:38',NULL),(4,1,'ุณูุงู ูุฑุฒ ุดุงุฑฺ ูพุฏุง ฺฉู','ุฎุทุง: ุณุฑูุณ ฺุช ุฏุฑ ุญุงู ุญุงุถุฑ ุฏุฑ ุฏุณุชุฑุณ ูุณุช (ูพฺฉุฑุจูุฏ ุณุฑูุฑ ูุงูุต ุงุณุช).','2025-06-02 08:40:12',NULL),(5,1,'ุณูุงู','ุฎุทุง: ุณุฑูุณ ฺุช ุฏุฑ ุญุงู ุญุงุถุฑ ุฏุฑ ุฏุณุชุฑุณ ูุณุช (ูพฺฉุฑุจูุฏ ุณุฑูุฑ ูุงูุต ุงุณุช).','2025-06-02 08:40:16',NULL),(6,1,'ุณูุงู','ุฎุทุง: ุณุฑูุณ ฺุช ุฏุฑ ุญุงู ุญุงุถุฑ ุฏุฑ ุฏุณุชุฑุณ ูุณุช (ูพฺฉุฑุจูุฏ ุณุฑูุฑ ูุงูุต ุงุณุช).','2025-06-02 08:40:34',NULL),(7,1,'ุณูุงู','ุฎุทุง: ุณุฑูุณ ฺุช ุฏุฑ ุญุงู ุญุงุถุฑ ุฏุฑ ุฏุณุชุฑุณ ูุณุช (ูพฺฉุฑุจูุฏ ุณุฑูุฑ ูุงูุต ุงุณุช).','2025-06-02 08:41:42',NULL),(8,1,'ุณูุงู','ุฎุทุง: ุณุฑูุณ ฺุช ุฏุฑ ุญุงู ุญุงุถุฑ ุฏุฑ ุฏุณุชุฑุณ ูุณุช (ูพฺฉุฑุจูุฏ ุณุฑูุฑ ูุงูุต ุงุณุช).','2025-06-02 08:41:54',NULL),(9,1,'ุณูุงู','ุฎุทุง: ุณุฑูุณ ฺุช ุฏุฑ ุญุงู ุญุงุถุฑ ุฏุฑ ุฏุณุชุฑุณ ูุณุช (ูพฺฉุฑุจูุฏ ุณุฑูุฑ ูุงูุต ุงุณุช).','2025-06-02 08:46:19',NULL),(10,1,'ุณูุงู','ุณูุงู! ฺุทูุฑ ูโุชููู ฺฉูฺฉุชูู ฺฉููุ ๐','2025-06-02 08:50:52',NULL),(11,1,'ูุชูู ูุญุตููุงุช ูุฑุฒ ุฑู ุจุฑุงู ูพุฏุง ฺฉูุ','ุญุชูุงู! ูุญุตููุงุช **ูุฑุฒ** ูุนูููุงู ุจู ุงุจุฒุงุฑูุง ุจุฑู ฺฏูุชู ูโุดูุฏ ฺฉู ุจุฑุง ุจุฑุดุ ุณุงุดุ ูพุฑุฏุงุฎุช ู ุตูู ุฏุงุฏู ููุฒุงุชุ ฺูุจุ ุณูฺฏ ู ุณุงุฑ ููุงุฏ ุจู ฺฉุงุฑ ูโุฑููุฏ. ุงููุงุน ูุฎุชูู ุงุฒ ูุฑุฒูุง ู ูุชุนููุงุช ุขู ุฏุฑ ุจุงุฒุงุฑ ููุฌูุฏ ุงุณุช. ุฏุฑ ุงุฏุงูู ฺูุฏ ุฏุณุชูโุจูุฏ ู ููููู ุงุฒ ูุญุตููุงุช ูุฑุฒ ุฑุง ุจุฑุงุชุงู ุขูุฑุฏูโุงู:\n\n### ฑ. **ุงููุงุน ุฏุณุชฺฏุงู ูุฑุฒ**\n- **ูุฑุฒ ุฏุณุช (ูุฑุฒ ุงูฺฏุดุช)**\n- **ูุฑุฒ ุขููฺฏุฑ**\n- **ูุฑุฒ ุณูฺฏโุจุฑ**\n- **ูุฑุฒ ูู (ูู ูุฑุฒ)**\n- **ูุฑุฒ ุฑููุฒ**\n- **ูุฑุฒ ูุฌุงุฑ**\n- **ูุฑุฒ CNC**\n\n### ฒ. **ุจุฑูุฏูุง ูุนุฑูู ูุฑุฒ**\n- **ุจูุด (Bosch)**\n- **ูุงฺฉุชุง (Makita)**\n- **ุฏูุงูุช (Dewalt)**\n- **ูุชุงุจู (Metabo)**\n- **ุฑููฺฉุณ (Ronix)**\n- **ุขุงฺฏ (AEG)**\n- **ุชูุณู**\n- **ูููุฏุง**\n\n### ณ. **ููุงุฒู ุฌุงูุจ ูุฑุฒ**\n- **ุตูุญู ุจุฑุด ุขูู**\n- **ุตูุญู ุณูฺฏโุจุฑ**\n- **ุตูุญู ุณุงุจ**\n- **ุณุฑโูุง ูพุฑุฏุงุฎุช ู ูพููุด**\n- **ุจุฑุณ ุณู**\n- **ุฏุณฺฉ ุณูุจุงุฏู**\n- **ุณูุจุงุฏู ุงูฺฏุดุช**\n\n### ด. **ูููููโูุง ุงุฒ ูุญุตููุงุช ูุฑุฒ (ุจุง ุฐฺฉุฑ ูุฏู)**\n- **ูู ูุฑุฒ ุจูุด ูุฏู GWS 750-115**\n- **ูุฑุฒ ุณูฺฏุจุฑ ูุงฺฉุชุง ูุฏู GA9020**\n- **ูุฑุฒ ุงูฺฏุดุช ุฑููฺฉุณ ูุฏู 3301**\n- **ูุฑุฒ ุขููฺฏุฑ ุฏูุงูุช ูุฏู DWE4557**\n- **ูุฑุฒ ุฑููุฒ ูุญฺฉ ูุฏู GD-125**\n\n### ต. **ฺฉุงุฑุจุฑุฏูุง ูุฑุฒ**\n- ุจุฑุด ููุฒ ู ุณูฺฏ\n- ุตูู ุฏุงุฏู ู ูพููุด\n- ุชุฒ ฺฉุฑุฏู ุงุจุฒุงุฑูุง\n- ุดุงุฑุฒู ู ูุฑูโุฏู\n\n---\n\nุงฺฏุฑ ุฏูุจุงู ูุฏู ุง ุจุฑูุฏ ุฎุงุต ูุณุชุฏุ ุง ุจุฑุง ฺฉุงุฑ ุฎุงุต ุจู ูุฑุฒ ูุงุฒ ุฏุงุฑุฏุ ูุทูุงู ุชูุถุญ ุจุฏูุฏ ุชุง ุฑุงูููุง ุฏููโุชุฑ ุงูุฌุงู ุฏูู ุง ููฺฉ ุฎุฑุฏ ู ูุดุฎุตุงุช ูุญุตููุงุช ุฑุง ุจุฑุงุชุงู ุงุฑุณุงู ฺฉูู.','2025-06-02 08:51:15',NULL),(12,1,'ุฏูุจุงู ูุฑุฒ ุดุงุฑฺ ูฺฏุฑุฏู','ุญุชูุงู! ูุฑุฒ ุดุงุฑฺ (ูุฑุฒ ุจโุณู ุง ูุฑุฒ ุจุงุชุฑโุฏุงุฑ) ฺฉ ุงุฒ ุงุจุฒุงุฑูุง ูพุฑฺฉุงุฑุจุฑุฏ ุฏุฑ ฺฉุงุฑูุง ุตูุนุชุ ูุฌุงุฑุ ุขููฺฏุฑ ู ุญุช ฺฉุงุฑูุง ุฎุงูฺฏ ุงุณุช. ุงู ุงุจุฒุงุฑ ุจุง ุจุงุชุฑ ูุชูู ฺฉุงุฑ ูโฺฉูุฏ ู ุฏฺฏุฑ ูุงุฒ ุจู ุณู ุจุฑู ูุฏุงุฑุฏุ ุจูุงุจุฑุงู ุญูู ู ููู ู ุงุณุชูุงุฏู ุงุฒ ุขู ุจุณุงุฑ ุฑุงุญุชโุชุฑ ุงุณุช.\n\n### ูฺฉุงุช ููู ููฺฏุงู ุฎุฑุฏ ูุฑุฒ ุดุงุฑฺ:\n1. **ููุชุงฺ ู ุขููพุฑ ุจุงุชุฑ:** ูุฑฺู ููุชุงฺ ู ุธุฑูุช (Ah) ุจุงุชุฑ ุจุดุชุฑ ุจุงุดุฏุ ูุฏุฑุช ู ูุฏุช ุฒูุงู ฺฉุงุฑฺฉุฑุฏ ุฏุณุชฺฏุงู ุจุงูุงุชุฑ ูโุฑูุฏ.\n2. **ุณุฑุนุช ฺุฑุฎุด (RPM):** ุณุฑุนุช ุจุงูุง ุจุฑุง ุจุฑุด ู ุณุงุด ุจูุชุฑ ุงุณุช.\n3. **ูุทุฑ ุตูุญู:** ูุนูููุงู ูุฑุฒูุง ุจุง ุตูุญูโูุง ฑฑตุ ฑฒต ุง ฑธฐ ููโูุชุฑ ุนุฑุถู ูโุดููุฏ.\n4. **ุจุฑูุฏ ู ฺฏุงุฑุงูุช:** ุจุฑูุฏูุง ูุนุชุจุฑ ูุงููุฏ **ุจูุด (Bosch)ุ ุฏูุงูุช (DeWalt)ุ ูุงฺฉุชุง (Makita)ุ ุฑููฺฉุณ (Ronix)ุ ุชูุณู ู...** ูุญุตููุงุช ุจุง ฺฉูุช ุฏุงุฑูุฏ.\n5. **ููุงุฒู ุฌุงูุจ:** ูุฌูุฏ ุจุงุชุฑ ุงุถุงููุ ุดุงุฑฺุฑ ุณุฑุนุ ฺฉู ู ุตูุญู ุฑุงฺฏุงู ุงุฑุฒุด ุฎุฑุฏ ุฑุง ุจุงูุง ูโุจุฑุฏ.\n\n### ูพุดููุงุฏ ฺูุฏ ูุฏู ูพุฑูุฑูุด:\n- **ูุฑุฒ ุดุงุฑฺ ุจูุด ูุฏู GWS 18V-LI**\n- **ูุฑุฒ ุดุงุฑฺ ูุงฺฉุชุง ูุฏู DGA504Z**\n- **ูุฑุฒ ุดุงุฑฺ ุฏูุงูุช ูุฏู DCG405N**\n- **ูุฑุฒ ุดุงุฑฺ ุฑููฺฉุณ ูุฏู 8901**\n- **ูุฑุฒ ุดุงุฑฺ ุชูุณู ูุฏู 3425A**\n\n### ููุช ุชูุฑุจ (ุฎุฑุฏุงุฏ ฑดฐณ):\n- ูุฏูโูุง ุญุฑููโุง (ุจูุดุ ุฏูุงูุชุ ูุงฺฉุชุง): **ุจู ธ ุชุง ฒฐ ูููู ุชููุงู** (ุจุณุชู ุจู ููุงุฒู ู ุจุงุชุฑ)\n- ุจุฑูุฏูุง ุงูุชุตุงุฏ (ุฑููฺฉุณุ ุชูุณู): **ุจู ด ุชุง ธ ูููู ุชููุงู**\n\n### ุงุฒ ฺฉุฌุง ุจุฎุฑุฏุ\n- ูุฑูุดฺฏุงูโูุง ุงุจุฒุงุฑ ูุนุชุจุฑ ูุฒฺฉ ุง ุขููุงู ูุซู **ุงุจุฒุงุฑูุงุฑฺฉุชุ ุงุจุฒุงุฑุฑุถุงุ ุฏุฌโฺฉุงูุงุ ุงุจุฒุงุฑูุงุฑุช** ู...\n- ุฏุฑ ุฎุฑุฏ ุขููุงู ุญุชูุงู ุจู ฺฏุงุฑุงูุช ู ุงุตุงูุช ฺฉุงูุง ุชูุฌู ฺฉูุฏ.\n\nุงฺฏุฑ ูุฏู ุง ฺฉุงุฑุจุฑุฏ ุฎุงุต ูุฏูุธุฑ ุฏุงุฑุ ูโุชูู ูุดุฎุตุงุช ฺฉุงุฑ ุง ุจูุฏุฌูโุงุช ุฑู ุจููุณ ุชุง ุฏููโุชุฑ ุฑุงูููุงุช ฺฉูู.','2025-06-02 08:52:58',NULL),(13,1,'ุณูุงู','ุณูุงู! ฺุทูุฑ ูโุชููู ฺฉูฺฉุชูู ฺฉููุ','2025-06-02 09:06:39',NULL),(14,1,'ูุชูู ูุญุตููุงุช ูุฑุฒ ุฑู ุจุฑุงู ูพุฏุง ฺฉูุ','ุญุชูุงู! ุจุฑุง ุงูฺฉู ุจูุชุฑ ุจุชููู ฺฉูฺฉุชูู ฺฉููุ ูุทูุงู ูุดุฎุต ฺฉูุฏ ฺฉู ููุธูุฑ ุดูุง ุงุฒ **ูุญุตููุงุช ูุฑุฒ** ฺุณุชุ  \nุขุง ุจู ุฏูุจุงู ุงููุงุน **ุฏุณุชฺฏุงู ูุฑุฒ** (ูุงููุฏ ูุฑุฒ ุงูฺฏุดุชุ ูุฑุฒ ุณูฺฏุจุฑุ ูุฑุฒ ุขููฺฏุฑ ู...) ูุณุชุฏ ุง ุจู ุฏูุจุงู **ุงุจุฒุงุฑูุง ู ููุงุฒู ุฌุงูุจ ูุฑุฒ** (ูุงููุฏ ุตูุญู ุจุฑุดุ ุตูุญู ุณุงุจุ ุชุบฺูโูุง ู...)ุ\n\nุฏุฑ ุงุฏุงููุ ูููููโุง ุงุฒ **ูุญุตููุงุช ูุฑุฒ** ุฑุง ุจุฑุง ุดูุง ููุฑุณุช ูโฺฉูู:\n\n### ุงููุงุน ุฏุณุชฺฏุงู ูุฑุฒ\n1. **ูุฑุฒ ุณูฺฏุจุฑ** (ุจุฑุง ุจุฑุด ู ุณุงุจ ุณูฺฏ)\n2. **ูุฑุฒ ุขููฺฏุฑ** (ุจุฑุง ุจุฑุด ู ุณุงุจ ููุฒ)\n3. **ูุฑุฒ ุงูฺฏุดุช** (ฺฉูฺฺฉ ู ุฏูู ุจุฑุง ฺฉุงุฑูุง ุธุฑู)\n4. **ูุฑุฒ ูู** (ูู ูุฑุฒุ ุณุจฺฉ ู ูุงุจู ุญูู)\n5. **ูุฑุฒ ูุฌุงุฑ** (ูฺู ฺูุจ)\n6. **ูุฑุฒ ุฑููุฒ** (ุจุฑุง ฺฉุงุฑูุง ุซุงุจุช ู ุตูุนุช)\n7. **ูุฑุฒ CNC** (ฺฉูุชุฑู ุนุฏุฏ ฺฉุงููพูุชุฑุ ุจุฑุง ฺฉุงุฑูุง ุฏูู ุตูุนุช)\n\n### ููุงุฒู ุฌุงูุจ ู ูุทุนุงุช ูุตุฑู ูุฑุฒ\n- **ุตูุญู ุจุฑุด ููุฒ**\n- **ุตูุญู ุจุฑุด ุณูฺฏ**\n- **ุตูุญู ุณุงุจ (ุณูฺฏ ุณุงุจ)**\n- **ุจุฑุณ ุณู ูุฑุฒ**\n- **ุชุบ ูุฑุฒ (ุจุฑุง ูุฑุฒ ูุฌุงุฑ)**\n- **ูพุฏ ุณูุจุงุฏู**\n- **ฺฉูุช ู ฺฉููุช ูุฑุฒ ุงูฺฏุดุช**\n\n### ุจุฑูุฏูุง ูุนุฑูู ูุฑุฒ\n- **ุจูุด (Bosch)**\n- **ูุงฺฉุชุง (Makita)**\n- **ุฏูุงูุช (DeWalt)**\n- **ูุชุงุจู (Metabo)**\n- **ุข ุง ฺฏ (AEG)**\n- **ุฑููฺฉุณ (Ronix)**\n- **ุชูุณูุ ุขุฑูุงุ ูุญฺฉ ู...**\n\n---\n\n#### ุงฺฏุฑ ููุน ุฎุงุต ุงุฒ ูุฑุฒ ุง ุจุฑูุฏ ุฎุงุต ูุฏ ูุธุฑ ุฏุงุฑุฏุ ูุทูุงู ุงุนูุงู ฺฉูุฏ ุชุง ุฏููโุชุฑ ุฑุงูููุง ฺฉูู ุง ููฺฉ ูุฑูุดฺฏุงูโูุง ูุนุชุจุฑ ุงุฑุงู ุฑุง ุจุฑุง ุฎุฑุฏ ูุนุฑู ฺฉูู.\n\nุขุง ุจู ูุณุช ูุฑูุดฺฏุงูโูุง ุขููุงู ูู ูุงุฒ ุฏุงุฑุฏุ','2025-06-02 09:06:51','21,58,60'),(15,1,'ุณูุงู','ุณูุงู! ฺุทูุฑ ูโุชูุงูู ฺฉูฺฉุชุงู ฺฉููุ ๐','2025-06-02 09:12:07',NULL),(16,1,'ุฏูุจุงู ูุฑุฒ ุดุงุฑฺ ูฺฏุฑุฏู ูุชูู ฺูุฏ ุชุง ุงุฒ ูุญุตููุงุช ุฏุงุฎู ุณุงุช ุฑู ุจูู ูุนุฑู ฺฉู ุจุฏูู ุชูุถุญ ุงุถุงููุ','ุญุชูุงูุ ุฏุฑ ุงูุฌุง ฺูุฏ ูุฑุฒ ุดุงุฑฺ ููุฌูุฏ ุฏุฑ ุณุงุชโูุง ุงุฑุงู ุขูุฑุฏู ุดุฏู ุงุณุช:\n\n1. ูุฑุฒ ุดุงุฑฺ ุฏูุงูุช ูุฏู DCD795D2\n2. ูุฑุฒ ุดุงุฑฺ ุจูุด ูุฏู GWS 180-LI\n3. ูุฑุฒ ุดุงุฑฺ ูุงฺฉุชุง ูุฏู DGA452Z\n4. ูุฑุฒ ุดุงุฑฺ ุฑููฺฉุณ ูุฏู 8901\n5. ูุฑุฒ ุดุงุฑฺ ุชูุณู ูุฏู 3382A\n6. ูุฑุฒ ุดุงุฑฺ ุงููู ูุฏู TE-AG 18/115 Li-Solo\n7. ูุฑุฒ ุดุงุฑฺ ูููุฏุง ูุฏู HP8518-BG\n\nุงฺฏุฑ ูุฏู ุง ุจุฑูุฏ ุฎุงุต ูุฏ ูุธุฑุช ูุณุช ุจฺฏู ุชุง ุฏููโุชุฑ ุฑุงูููุง ฺฉูู.','2025-06-02 09:12:35','58,59,60'),(17,1,'ุฏุฑู ุดุงุฑฺ ฺุทูุฑุ','ุฏุฑู ุดุงุฑฺ ฺฉ ุงุฒ ุงุจุฒุงุฑูุง ูพุฑฺฉุงุฑุจุฑุฏ ู ูุญุจูุจ ุฏุฑ ุฎุงูู ู ฺฉุงุฑฺฏุงูโูุงุณุช. ุงู ููุน ุฏุฑู ุจู ุฌุง ุจุฑู ูุณุชููุ ุจุง ุจุงุชุฑ (ูุนูููุงู ูุชูู-ูู) ฺฉุงุฑ ูโฺฉูุฏ ู ููู ุจุงุนุซ ูโุดูุฏ ุญูู ู ููู ู ุงุณุชูุงุฏู ุงุฒ ุขู ุจุณุงุฑ ุฑุงุญุชโุชุฑ ุจุงุดุฏ.\n\n**ูุฒุงุง ุฏุฑู ุดุงุฑฺ:**\n1. **ูุงุจูุช ุญูู ุจุงูุง:** ุจุฏูู ูุงุฒ ุจู ุณู ู ูพุฑุฒ ุจุฑูุ ุฏุฑ ูุฑ ุฌุง ูุงุจู ุงุณุชูุงุฏู ุงุณุช.\n2. **ุงูู ุจุดุชุฑ:** ุฎุทุฑ ูพฺ ุฎูุฑุฏู ู ุจุฑุฏฺฏ ุณู ูุฌูุฏ ูุฏุงุฑุฏ.\n3. **ฺฉุงุฑุจุฑุฏ ฺูุฏููุธูุฑู:** ุจุง ุณุฑโูุง ูุฎุชูู ูโุชูุงูุฏ ุจุฑุง ุณูุฑุงุฎฺฉุงุฑุ ูพฺโฺฏูุดุช ู ุญุช ูพููุดโฺฉุงุฑ ุงุณุชูุงุฏู ุดูุฏ.\n4. **ุชูุธู ุณุฑุนุช ู ฺฏุดุชุงูุฑ:** ูุนูููุงู ุฏุงุฑุง ุชูุธูุงุช ูุฎุชูู ุจุฑุง ฺฉูุชุฑู ุจูุชุฑ ฺฉุงุฑ.\n\n**ูุนุงุจ ุฏุฑู ุดุงุฑฺ:**\n1. **ูุญุฏูุฏุช ุดุงุฑฺ:** ูุฏุช ุฒูุงู ฺฉุงุฑ ุจุณุชฺฏ ุจู ุธุฑูุช ุจุงุชุฑ ุฏุงุฑุฏ ู ููฺฉู ุงุณุช ูุงุฒ ุจู ุดุงุฑฺ ูุฌุฏุฏ ุจุงุดุฏ.\n2. **ูุฏุฑุช ฺฉูุชุฑ ูุณุจุช ุจู ุฏุฑู ุจุฑู:** ุจุฑุฎ ูุฏูโูุง ุชูุงู ฺฉูุชุฑ ุฏุงุฑูุฏ (ุงูุจุชู ูุฏูโูุง ุญุฑููโุง ุงูุฑูุฒ ุงู ูุดฺฉู ุฑุง ฺฉูุชุฑ ุฏุงุฑูุฏ).\n3. **ููุช ุจุงูุงุชุฑ:** ูุนูููุงู ูุณุจุช ุจู ุฏุฑูโูุง ุจุฑู ูุดุงุจู ฺฉู ฺฏุฑุงูโุชุฑโุงูุฏ.\n\n**ูฺฉุงุช ููู ููฺฏุงู ุฎุฑุฏ:**\n- **ููุชุงฺ ุจุงุชุฑ:** ูุฑฺู ููุชุงฺ ุจุดุชุฑ ุจุงุดุฏุ ูุฏุฑุช ุฏุณุชฺฏุงู ุจุดุชุฑ ุงุณุช (ฑฒุ ฑด.ดุ ฑธ ุง ฒฐ ููุช ุฑุงุฌโุชุฑู ูุณุชูุฏ).\n- **ุธุฑูุช ุจุงุชุฑ:** ูุนูููุง ุจุง ุขููพุฑ ุณุงุนุช (Ah) ุณูุฌุฏู ูโุดูุฏุ ูุฑฺู ุนุฏุฏ ุจุงูุงุชุฑ ุจุงุดุฏ ูุฏุช ุฒูุงู ุจุดุชุฑ ฺฉุงุฑ ูโฺฉูุฏ.\n- **ูุฒู ู ุงุฑฺฏูููู:** ุจุงุฏ ูุชูุงุณุจ ุจุง ุฏุณุช ุดูุง ุจุงุดุฏ ู ุฒุงุฏ ุณูฺฏู ูุจุงุดุฏ.\n- **ุจุฑูุฏ ูุนุชุจุฑ:** ูุงููุฏ Boschุ Makitaุ Dewaltุ Ronix ู ุบุฑู.\n- **ูุฌูุฏ ุจุงุชุฑ ู ุดุงุฑฺุฑ ุงุถุงู:** ุจุฑุฎ ูุฏูโูุง ฺฉ ุจุงุชุฑ ุงุถุงูู ูู ุฏุงุฑูุฏ ฺฉู ฺฉุงุฑ ุฑุง ุฑุงุญุชโุชุฑ ูโฺฉูุฏ.\n\nุงฺฏุฑ ุณูุงู ุฎุงุต ุฏุฑุจุงุฑู ุจุฑูุฏุ ูุฏู ุง ฺฉุงุฑุจุฑุฏ ุฏุฑู ุดุงุฑฺ ุฏุงุฑุ ุจูพุฑุณ ุชุง ุฑุงูููุงุช ฺฉูู!','2025-06-02 09:13:25','59,56,57'),(18,1,'ุณูุงู','ุณูุงู! ฺุทูุฑ ูโุชููู ฺฉูฺฉุชูู ฺฉููุ','2025-06-02 09:22:57',NULL),(19,1,'ุณูุงู','ุณูุงู! ฺุทูุฑ ูโุชููู ฺฉูฺฉุชูู ฺฉููุ','2025-06-02 09:24:23',NULL),(20,1,'ุขุง ุงู ุณุงุช ููู ุฏุงุฑูุ','ุณูุงู!  \nุณูุงู ุดูุง ฺฉู ูุจูู ุงุณุช. ููุธูุฑ ุดูุง ุงุฒ \"ููู\" ฺุณุชุ ุงฺฏุฑ ููุธูุฑุชุงู \"ููุช\" (ุงุนุชุจุงุฑ ุง ุงุตุงูุช ุณุงุช) ุงุณุชุ ูุทูุงู ูุงู ุฏูู ุณุงุช ฺฉู ูุฏูุธุฑ ุฏุงุฑุฏ ุฑุง ุจููุณุฏ ุชุง ุจุชูุงูู ุจุฑุฑุณ ฺฉูู ู ุฑุงูููุง ุจูุชุฑ ุงุฑุงุฆู ุฏูู. ุงฺฏุฑ ูู ููุธูุฑุชุงู ฺุฒ ุฏฺฏุฑ ุงุณุชุ ูุทูุงู ุชูุถุญ ุจุดุชุฑ ุจุฏูุฏ ุชุง ุจูุชุฑ ุฑุงูููุง ฺฉูู.','2025-06-02 09:25:06','55'),(21,1,'ุฏูุจุงู ุฏุฑู ุดุงุฑฺ ุจุง ููุช ูพุงู ูุณุชู. ูุชูู ุจุฑุงู ูพุฏุง ฺฉู ุงุฒ ุณุงุชุ','ุญุชูุงู! ูุทูุงู ูุดุฎุต ฺฉูุฏ ุงุฒ ฺฉุฏุงู ุณุงุช ูโุฎูุงูุฏ ุฌุณุชุฌู ฺฉูู (ูุซูุงู ุฏุฌโฺฉุงูุงุ ุชุฑุจุ ุงูุงูุฒ ู ุบุฑู). ููฺูู ุงฺฏุฑ ุจุฑูุฏ ุง ูฺฺฏ ุฎุงุต ูุฏ ูุธุฑุชูู ูุณุช (ูุซูุงู ููุชุงฺุ ุชุนุฏุงุฏ ุจุงุชุฑุ ุง ููุท ุจุฑุง ฺฉุงุฑูุง ุณุจฺฉ ุฎููฺฏ)ุ ูุทูุงู ุฐฺฉุฑ ฺฉูุฏ ุชุง ุฏููโุชุฑ ุฑุงูููุง ฺฉูู.\n\nุงูุง ุจู ุทูุฑ ฺฉูุ ุงฺฏุฑ ููุธูุฑ ุดูุง **ุฏุฑู ุดุงุฑฺ ุงุฑุฒุงู** ุจุฑุง ฺฉุงุฑูุง ุณุจฺฉ ุงุณุชุ ูุนูููุงู ุฏุฑ ุณุงุชโูุง ูุซู **ุฏุฌโฺฉุงูุง** ุง **ุชุฑุจ** ูโุชูุงูุฏ ูุฏูโูุง ุจุง ููุช ููุงุณุจ ูพุฏุง ฺฉูุฏ. ฺูุฏ ููููู (ุชุง ุฒูุงู ุขุฎุฑู ุงุทูุงุนุงุช ูู):\n\n### ููููู ุฏุฑู ุดุงุฑฺ ุงุฑุฒุงู ุฏุฑ ุฏุฌโฺฉุงูุง (ุฎุฑุฏุงุฏ ฑดฐณ):\n1. **ุฏุฑู ุดุงุฑฺ ุจุงุณ ูุฏู ฑฒ ููุช**  \n   ููุช: ุญุฏูุฏ ฑูฌณฐฐูฌฐฐฐ ุชููุงู  \n   [ููฺฉ ูุญุตูู ุฏุฑ ุฏุฌโฺฉุงูุง](https://www.digikala.com/search/?q=%D8%AF%D8%B1%DB%8C%D9%84%20%D8%B4%D8%A7%D8%B1%DA%98%DB%8C%20%D8%A8%D8%A7%D8%B3)\n\n2. **ุฏุฑู ุดุงุฑฺ ฺฉูุฒุงฺฉุณ ูุฏู KCD-118**  \n   ููุช: ุญุฏูุฏ ฑูฌทฐฐูฌฐฐฐ ุชููุงู  \n   [ููฺฉ ูุญุตูู ุฏุฑ ุฏุฌโฺฉุงูุง](https://www.digikala.com/search/?q=%DA%A9%D9%86%D8%B2%D8%A7%DA%A9%D8%B3%20%D8%AF%D8%B1%DB%8C%D9%84%20%D8%B4%D8%A7%D8%B1%DA%98%DB%8C)\n\n3. **ุฏุฑู ุดุงุฑฺ ุงุณุชุฑุงูฺฏ ูุฏู ฑฒ ููุช**  \n   ููุช: ุญุฏูุฏ ฑูฌณฐฐูฌฐฐฐ ุชููุงู  \n   [ููฺฉ ูุญุตูู ุฏุฑ ุฏุฌโฺฉุงูุง](https://www.digikala.com/search/?q=%D8%AF%D8%B1%DB%8C%D9%84%20%D8%B4%D8%A7%D8%B1%DA%98%DB%8C%20%D8%A7%D8%B3%D8%AA%D8%B1%D8%A7%D9%86%DA%AF)\n\n#### ูฺฉุชู:\n- ุงฺฏุฑ ููฺฉโูุง ุจุงุฒ ูุดุฏูุฏุ ฺฉุงูุณุช ูุงู ูุฏู ุฑุง ุฏุฑ ุณุงุช ููุฑุฏ ูุธุฑ ุฌุณุชุฌู ฺฉูุฏ.\n- ููุชโูุง ุญุฏูุฏ ูุณุชูุฏ ู ููฺฉู ุงุณุช ุชุบุฑ ฺฉููุฏ.\n\nุงฺฏุฑ ุณุงุช ุง ูุฏู ุฎุงุต ูุฏูุธุฑ ุฏุงุฑุ ูุทูุงู ุฏููโุชุฑ ุจฺฏู ุชุง ูุณุชูู ููฺฉ ู ุฑุงูููุง ุฏููโุชุฑ ุจุฏู.','2025-06-02 09:25:49','60,57,59'),(22,1,'ูุชูู ูุญุตููุงุช ูุฑุฒ ุฑู ุจุฑุงู ูพุฏุง ฺฉูุ','ุจููุ ุญุชูุงู. ุดูุง ูโุชูุงูุฏ ูุญุตููุงุช ูุฑุฒ (ุฏุณุช ุฏูู ู ูู) ุฑุง ุฏุฑ ุณุงุช ุงุณุชูฺฉ ุฏูุงุฑ ูุดุงูุฏู ฺฉูุฏ. ุจุฑุง ุฌุณุชุฌูุ ฺฉุงูุณุช ุฏุฑ ุจุฎุด ุฌุณุชุฌู ุณุงุช ุนุจุงุฑุช ยซูุฑุฒยป ุฑุง ูุงุฑุฏ ฺฉูุฏ ุง ุงุฒ ุฏุณุชูโุจูุฏ ุงุจุฒุงุฑุขูุงุช ุงุณุชูุงุฏู ููุงุฏ.\n\nุงฺฏุฑ ูุฏู ุง ุจุฑูุฏ ุฎุงุต ูุฏูุธุฑ ุฏุงุฑุฏ (ูุซูุงู ูุฑุฒ ุจูุดุ ูุงฺฉุชุง ู ุบุฑู)ุ ูุทูุงู ูุดุฎุต ฺฉูุฏ ุชุง ุฏููโุชุฑ ุฑุงูููุง ฺฉูู.','2025-06-02 09:31:15','21,58,60'),(23,1,'ุงุฒ ุจุฑูุฏ ูุงฺฉุชุง ูพุฏุง ฺฉู','ุฌุณุชุฌู ูุญุตููุงุช ุจุฑูุฏ ูุงฺฉุชุง ุฏุฑ ุงุณุชูฺฉ ุฏูุงุฑ:\n\nุฏุฑ ุณุงุช ุงุณุชูฺฉ ุฏูุงุฑุ ูุญุตููุงุช ูุชููุน ุงุฒ ุจุฑูุฏ ูุงฺฉุชุง (Makita) ููุฌูุฏ ุงุณุช. ุจุฑุง ูุดุงูุฏู ู ุฎุฑุฏ ูุญุตููุงุช ูุงฺฉุชุง ูุงููุฏ ุฏุฑูุ ูพฺ ฺฏูุดุช ุดุงุฑฺุ ูุฑุฒ ู ุงุจุฒุงุฑุขูุงุช ุจุฑู ู ุดุงุฑฺุ ูุทูุงู ุจู ุจุฎุด ุฌุณุชุฌู ุณุงุช ูุฑุงุฌุนู ฺฉุฑุฏู ู ุนุจุงุฑุช \"ูุงฺฉุชุง\" ุฑุง ูุงุฑุฏ ฺฉูุฏ.\n\nููฺูู ุงฺฏุฑ ูุญุตูู ุฎุงุต ุงุฒ ุจุฑูุฏ ูุงฺฉุชุง ูุฏ ูุธุฑ ุฏุงุฑุฏ (ูุซูุงู ุฏุฑู ูุงฺฉุชุงุ ูุฑุฒ ูุงฺฉุชุง ู...) ูุทูุงู ููุน ูุญุตูู ุฑุง ูุดุฎุต ฺฉูุฏ ุชุง ูุชุงุฌ ุฏููโุชุฑ ุงุฑุงุฆู ุดูุฏ.  \nุจุฑุง ูุดุงูุฏู ู ุฎุฑุฏ ูุณุชูู ูโุชูุงูุฏ ุจู ุงู ููฺฉ ูุฑุงุฌุนู ฺฉูุฏ:  \n[ุฌุณุชุฌู ูุญุตููุงุช ูุงฺฉุชุง ุฏุฑ ุงุณุชูฺฉ ุฏูุงุฑ](https://stockdivar.ir/?s=%D9%85%D8%A7%DA%A9%DB%8C%D8%AA%D8%A7)','2025-06-02 09:34:53','21,22,23'),(24,1,'ูู ูุฑุฒ ุงุฒ ุจุฑูุฏ ูุงฺฉุชุง ูุนุฑู ฺฉู','ุญุชูุงู! ุฏุฑ ุญุงู ุญุงุถุฑ ฺูุฏู ูุฏู ูู ูุฑุฒ ุงุฒ ุจุฑูุฏ ูุงฺฉุชุง ุฏุฑ ุณุงุช ุงุณุชูฺฉโุฏูุงุฑ ููุฌูุฏ ุงุณุช. ุจุฑุง ูุดุงูุฏู ู ุฎุฑุฏ ูุณุชููุ ูุทูุงู ุฑู ููฺฉ ุฒุฑ ฺฉูฺฉ ฺฉูุฏ:\n\n[ูุดุงูุฏู ูู ูุฑุฒ ูุงฺฉุชุง ุฏุฑ ุงุณุชูฺฉโุฏูุงุฑ](https://stockdivar.ir/search/?q=ูู+ูุฑุฒ+ูุงฺฉุชุง)\n\nุฏุฑ ุงู ุตูุญู ูโุชูุงูุฏ ูุฏูโูุง ูุฎุชูู ู ููุชโูุง ุจูโุฑูุฒ ูู ูุฑุฒ ูุงฺฉุชุง (ูู ู ุฏุณุช ุฏูู) ุฑุง ูุดุงูุฏู ู ุงูุชุฎุงุจ ฺฉูุฏ. ุงฺฏุฑ ูุงุฒ ุจู ุฑุงูููุง ุจุดุชุฑ ุง ุงุทูุงุนุงุช ุฏุฑุจุงุฑู ูุฏู ุฎุงุต ุฏุงุฑุฏุ ูุทูุงู ุงุทูุงุน ุฏูุฏ.','2025-06-02 09:38:22','61,60,25'),(25,1,'ูุฑุฒ ุงุฒ ุจุฑูุฏ ูุงฺฉุชุง ูพุฏุง ฺฉู ุจุฑุงู','ุญุชูุงู! ูุฑุฒูุง ุจุฑูุฏ ูุงฺฉุชุง ฺฉ ุงุฒ ูุญุจูุจโุชุฑู ุงุจุฒุงุฑูุง ุจุฑู ุฏุฑ ุจุงุฒุงุฑ ูุณุชูุฏ ฺฉู ุจู ุฏูู ฺฉูุช ุจุงูุง ู ุฏูุงูุ ุจู ฺฉุงุฑุจุฑุงู ุญุฑููโุง ู ุฎุงูฺฏ ุจุณุงุฑ ูพุฑุทุฑูุฏุงุฑูุฏ. ุจุฑุง ูุดุงูุฏู ู ุฎุฑุฏ ุงููุงุน ูุฑุฒ (ูุฑุฒ ุณูฺฏุจุฑุ ูุฑุฒ ุขููฺฏุฑุ ูุฑุฒ ููุ ู...) ุงุฒ ุจุฑูุฏ ูุงฺฉุชุง ุฏุฑ ุณุงุช ุงุณุชูฺฉ ุฏูุงุฑุ ฺฉุงู ุงุณุช ุฑู ููฺฉ ุฒุฑ ฺฉูฺฉ ฺฉูุฏ:\n\nูโุชูุงูุฏ ุชูุงู ูุญุตููุงุช ุจุฑูุฏ ูุงฺฉุชุง ุฑุง ุฏุฑ ุงู ููฺฉ ูุดุงูุฏู ฺฉูุฏ:  \nhttps://stockdivar.ir/?search=ูุงฺฉุชุง\n\nููฺูู ุงฺฏุฑ ูุฏู ุง ููุน ุฎุงุต ุงุฒ ูุฑุฒ ูุงฺฉุชุง ูุฏูุธุฑ ุฏุงุฑุฏ (ูุซูุงู ูุฑุฒ ูู ุง ูุฑุฒ ุจุฒุฑฺฏ)ุ ูุทูุงู ุฏููโุชุฑ ุจูุฑูุงุฏ ุชุง ุจูุชุฑ ุฑุงูููุงโุชุงู ฺฉูู.','2025-06-02 10:25:52','61,60,25'),(26,1,'ูุฑุฒ ุงุฒ ุจุฑูุฏ ูุงฺฉุชุง ูพุฏุง ฺฉู ุจุฑุงู','ุญุชูุงู! ูุฑุฒูุง ุจุฑูุฏ ูุงฺฉุชุง (Makita) ุฏุฑ ุจุงุฒุงุฑ ุจู ุฏูู ฺฉูุช ู ุฏูุงู ุจุงูุง ุจุณุงุฑ ูุญุจูุจ ูุณุชูุฏ ู ุฏุฑ ูุฏูโูุง ูุฎุชูู ูุงููุฏ ูุฑุฒ ุณูฺฏโุจุฑุ ุขููโุจุฑ ู ูู ูุฑุฒ ููุฌูุฏูุฏ. ุจุฑุง ูุดุงูุฏู ู ุงูุชุฎุงุจ ุงููุงุน ูุฑุฒูุง ุฏุณุช ุฏูู ู ูู ุงุฒ ุจุฑูุฏ ูุงฺฉุชุง ุฏุฑ ุงุณุชูฺฉ ุฏูุงุฑุ ูโุชูุงูุฏ ุงุฒ ููฺฉ ุฒุฑ ุงุณุชูุงุฏู ฺฉูุฏ:\n\nูโุชูุงูุฏ ุชูุงู ูุญุตููุงุช ุจุฑูุฏ Makita ุฑุง ุฏุฑ ุงู ููฺฉ ูุดุงูุฏู ฺฉูุฏ:  \nhttps://stockdivar.ir/?search=Makita\n\nุฏุฑ ุงู ุตูุญูุ ุงููุงุน ูุฑุฒ ูุงฺฉุชุง (ูุฑุฒ ุณูฺฏโุจุฑุ ูู ูุฑุฒุ ูุฑุฒ ุขููโุจุฑ ู...) ุฑุง ุจุฑุงุณุงุณ ูุงุฒ ุฎูุฏ ูโุชูุงูุฏ ุฌุณุชุฌู ู ููุงุณู ฺฉูุฏ. ุฏุฑ ุตูุฑุช ูุงุฒ ุจู ุฑุงูููุง ุจุดุชุฑ ุง ุชูุถุญ ุฏุฑุจุงุฑู ูุฏู ุฎุงุตุ ุญุชูุงู ุจูุฑูุงุฏ ุชุง ุฑุงูููุง ุฏููโุชุฑ ุงุฑุงุฆู ุฏูู.','2025-06-02 10:28:22','61,60,25'),(27,1,'ูุฑุฒ ุงุฒ ุจุฑูุฏ ูุงฺฉุชุง ูพุฏุง ฺฉู ุจุฑุงู','ุญุชูุงู! ุจุฑุง ูุดุงูุฏู ุงููุงุน ูุฑุฒ ุงุฒ ุจุฑูุฏ ูุงฺฉุชุง ุฏุฑ ุณุงุช ุงุณุชูฺฉ ุฏูุงุฑุ ูโุชูุงูุฏ ุงุฒ ููฺฉ ุฒุฑ ุงุณุชูุงุฏู ฺฉูุฏ. ุชูุงู ูุฏูโูุง ูุฑุฒ ูู ู ุฏุณุช ุฏูู ูุงฺฉุชุง ุจุง ุงุทูุงุนุงุช ฺฉุงููุ ููุช ู ุชุตุงูุฑ ุฏุฑ ุงู ุตูุญู ูุงุจู ูุดุงูุฏู ูุณุชูุฏ:\n\n<a href=\'https://stockdivar.ir/?search=makita%20ูุฑุฒ\' target=\'_blank\'>ูุญุตููุงุช ุจุฑูุฏ Makita ุฏุฑ ุงุณุชูฺฉ ุฏูุงุฑ</a>\n\nุงฺฏุฑ ุจู ูุฏู ุฎุงุต ุงุฒ ูุฑุฒ ูุงฺฉุชุง ูุงุฒ ุฏุงุฑุฏ ุง ูฺฺฏ ุฎุงุต ูุฏูุธุฑ ุดูุงุณุชุ ูุทูุงู ุจูุฑูุงุฏ ุชุง ุฏููโุชุฑ ุฑุงูููุง ฺฉูู.','2025-06-02 10:38:12','61,60,25'),(28,1,'ูู ูุฑุฒ ุงุฒ ุจุฑูุฏ ูุงฺฉุชุง ูุนุฑู ฺฉู','ูู ูุฑุฒูุง ุจุฑูุฏ ูุงฺฉุชุง (Makita) ุจู ุฏูู ฺฉูุช ุณุงุฎุช ุจุงูุงุ ุฏูุงู ู ฺฉุงุฑุง ุนุงู ุฏุฑ ุจู ฺฉุงุฑุจุฑุงู ุญุฑููโุง ู ุฎุงูฺฏ ุจุณุงุฑ ูุญุจูุจ ูุณุชูุฏ. ุงู ุงุจุฒุงุฑูุง ูุนูููุงู ุจุฑุง ุจุฑุดุ ุณุงุจ ู ูพุฑุฏุงุฎุช ุงููุงุน ูุชุฑุงู ูุงููุฏ ููุฒุ ุณูฺฏ ู ฺูุจ ุงุณุชูุงุฏู ูโุดููุฏ. ูุฏูโูุง ูุฎุชูู ุงุฒ ูู ูุฑุฒ ูุงฺฉุชุง ูุฌูุฏ ุฏุงุฑุฏ ฺฉู ูุฑฺฉุฏุงู ูฺฺฏโูุง ู ุชูุงู ููุชูุฑ ูุชูุงูุช ุฏุงุฑูุฏ. ุจุฑุฎ ุงุฒ ูฺฺฏโูุง ุฑุงุฌ ูู ูุฑุฒูุง ูุงฺฉุชุง ุนุจุงุฑุชูุฏ ุงุฒ:\n\n- ููุชูุฑ ูพุฑูุฏุฑุช ู ฺฉูโุตุฏุง  \n- ุทุฑุงุญ ุงุฑฺฏููููฺฉ ู ูุฒู ููุงุณุจ  \n- ูุงุจูุช ุชุนูุถ ุขุณุงู ุตูุญู  \n- ุณุณุชู ูุญุงูุธุช ุฏุฑ ุจุฑุงุจุฑ ฺฏุฑุฏ ู ุบุจุงุฑ  \n\nุจุฑุง ูุดุงูุฏู ูุณุช ฺฉุงูู ู ููุช ูู ูุฑุฒูุง ุจุฑูุฏ ูุงฺฉุชุงุ ูโุชูุงูุฏ ุจู ุตูุญู ุฒุฑ ูุฑุงุฌุนู ฺฉูุฏ:  \n<a href=\'https://stockdivar.ir/?search=makita\' target=\'_blank\'>ูุญุตููุงุช ุจุฑูุฏ Makita ุฏุฑ ุงุณุชูฺฉ ุฏูุงุฑ</a>\n\nุงฺฏุฑ ูุฏู ุฎุงุต ูุฏูุธุฑุชุงู ุงุณุชุ ูุทูุงู ูุงู ุง ูฺฺฏโูุง ุขู ุฑุง ุจุงู ฺฉูุฏ ุชุง ุฏููโุชุฑ ุฑุงูููุงโุชุงู ฺฉูู.','2025-06-02 10:39:36','61,60,25'),(29,1,'ูู ูุฑุฒ ุงุฒ ุจุฑูุฏ ูุงฺฉุชุง ูุนุฑู ฺฉู','ุญุชูุงู! ูู ูุฑุฒูุง ุจุฑูุฏ ูุงฺฉุชุง (Makita) ุจู ุฏูู ฺฉูุช ุจุงูุงุ ุฏูุงู ู ุนููฺฉุฑุฏ ูุงุจู ุงุนุชูุงุฏุ ุฏุฑ ุจู ฺฉุงุฑุจุฑุงู ุญุฑููโุง ู ุฎุงูฺฏ ุจุณุงุฑ ูุญุจูุจ ูุณุชูุฏ. ุงู ุงุจุฒุงุฑูุง ุจุฑุง ุจุฑุดุ ุณุงุด ู ูพุฑุฏุงุฎุช ุงููุงุน ูุชุฑุงู ูุงููุฏ ููุฒุ ุณูฺฏ ู ฺูุจ ุงุณุชูุงุฏู ูโุดููุฏ ู ูุนูููุงู ุฏุงุฑุง ููุชูุฑ ูุฏุฑุชููุฏุ ุทุฑุงุญ ุงุฑฺฏููููฺฉ ู ุงูู ููุงุณุจ ูุณุชูุฏ.\n\nุจุฑุง ูุดุงูุฏู ุงููุงุน ูู ูุฑุฒ ุงุฒ ุจุฑูุฏ ูุงฺฉุชุง ุฏุฑ ุงุณุชูฺฉ ุฏูุงุฑุ ูโุชูุงูุฏ ุจู ููฺฉ ุฒุฑ ูุฑุงุฌุนู ฺฉูุฏ:  \n<a href=\'https://stockdivar.ir/?search=Makita\' target=\'_blank\'>ูุญุตููุงุช ุจุฑูุฏ Makita ุฏุฑ ุงุณุชูฺฉ ุฏูุงุฑ</a>\n\nุฏุฑ ุงู ุตูุญู ูโุชูุงูุฏ ูู ูุฑุฒูุง ู ุณุงุฑ ุงุจุฒุงุฑูุง ุจุฑู ูุงฺฉุชุง ุฑุง (ุฏุณุช ุฏูู ู ูู) ูุดุงูุฏู ู ููุงุณู ฺฉูุฏ. ููฺูู ุงฺฏุฑ ูุฏู ุฎุงุต ูุฏ ูุธุฑ ุฏุงุฑุฏุ ูโุชูุงูุฏ ุงุฒ ูุงุจูุช ุฌุณุชุฌู ุณุงุช ุงุณุชูุงุฏู ฺฉูุฏ ุชุง ุณุฑุนโุชุฑ ูุญุตูู ููุฑุฏ ูุธุฑ ุฎูุฏ ุฑุง ุจุงุจุฏ. ุฏุฑ ุตูุฑุช ูุงุฒ ุจู ุงุทูุงุนุงุช ุจุดุชุฑ ุง ุฑุงูููุง ุฎุฑุฏุ ุฏุฑ ุฎุฏูุช ุดูุง ูุณุชู!','2025-06-02 10:40:13','61,60,25'),(30,1,'ูู ูุฑุฒ ุงุฒ ุจุฑูุฏ ูุงฺฉุชุง ูุนุฑู ฺฉู','ุญุชูุงู! ุจุฑูุฏ ูุงฺฉุชุง (Makita) ฺฉ ุงุฒ ูุนุชุจุฑุชุฑู ู ูุญุจูุจโุชุฑู ุจุฑูุฏูุง ุฏุฑ ุฒููู ุงุจุฒุงุฑุขูุงุช ุจุฑู ุจูโูฺู ูู ูุฑุฒ ุงุณุช. ูู ูุฑุฒูุง ูุงฺฉุชุง ุจู ุฎุงุทุฑ ฺฉูุช ุณุงุฎุช ุจุงูุงุ ุทูู ุนูุฑ ุฒุงุฏ ู ูุฏุฑุช ููุชูุฑ ููุงุณุจุ ูุงู ฺฉุงุฑุจุฑุงู ุญุฑููโุง ู ุฎุงูฺฏ ุจุณุงุฑ ูพุฑุทุฑูุฏุงุฑ ูุณุชูุฏ. ุงู ุงุจุฒุงุฑ ุจุฑุง ุจุฑุดุ ุณุงุด ู ูพููุด ุงููุงุน ููุฒุงุชุ ุณูฺฏ ู ูุตุงูุญ ุณุงุฎุชูุงู ฺฉุงุฑุจุฑุฏ ุฏุงุฑุฏ.\n\nุฏุฑ ุณุงุช ุงุณุชูฺฉ ุฏูุงุฑ ูโุชูุงูุฏ ุงููุงุน ูู ูุฑุฒ ูุงฺฉุชุงุ ูู ุจู ุตูุฑุช ูู ู ูู ุฏุณุช ุฏูู ุฑุง ูุดุงูุฏู ู ุจุง ฺฉุฏฺฏุฑ ููุงุณู ฺฉูุฏ. ุจุฑุง ูุดุงูุฏู ูุญุตููุงุช ุงู ุจุฑูุฏ ฺฉุงู ุงุณุช ุฑู ููฺฉ ุฒุฑ ฺฉูฺฉ ฺฉูุฏ:\n\n<a href=\'https://stockdivar.ir/?search=Makita\' target=\'_blank\'>ูุญุตููุงุช ุจุฑูุฏ Makita ุฏุฑ ุงุณุชูฺฉ ุฏูุงุฑ</a>\n\nุงฺฏุฑ ูุฏู ุฎุงุต ุงุฒ ูู ูุฑุฒ ูุงฺฉุชุง ูุฏ ูุธุฑ ุฏุงุฑุฏุ ูุทูุงู ูุงู ุง ุดูุงุฑู ูุฏู ุฑุง ูุฒ ุงุฑุณุงู ฺฉูุฏ ุชุง ุฏููโุชุฑ ุฑุงูููุง ฺฉูู.','2025-06-02 10:44:17','61,60,25'),(31,1,'ูู ูุฑุฒ ุงุฒ ุจุฑูุฏ ูุงฺฉุชุง ูุนุฑู ฺฉู','ุญุชูุงู! ูู ูุฑุฒูุง ุจุฑูุฏ ูุงฺฉุชุง ฺฉ ุงุฒ ูพุฑุทุฑูุฏุงุฑุชุฑู ุงุจุฒุงุฑูุง ุฏุฑ ุจุงุฒุงุฑ ูุณุชูุฏ ฺฉู ุจู ุฏูู ฺฉูุช ุณุงุฎุช ุจุงูุงุ ุฏูุงู ุฒุงุฏ ู ูุฏุฑุช ููุงุณุจุ ูู ุฏุฑ ฺฉุงุฑฺฏุงูโูุง ุญุฑููโุง ู ูู ุจุฑุง ูุตุงุฑู ุฎุงูฺฏ ุจุณุงุฑ ูุญุจูุจโุงูุฏ. ุงู ูู ูุฑุฒูุง ูุนูููุงู ุจุง ุชูุงูโูุง ูุฎุชููุ ูุงุจูุช ุชูุธู ุณุฑุนุช ู ุงุฑฺฏูููู ุนุงู ุนุฑุถู ูโุดููุฏ ู ุจุฑุง ุงููุงุน ุจุฑุดุ ุณุงุด ู ูพููุด ููุฒ ู ูุตุงูุญ ุณุงุฎุชูุงู ูุงุจู ุงุณุชูุงุฏู ูุณุชูุฏ.\n\nุจุฑุง ูุดุงูุฏู ู ุฎุฑุฏ ุงููุงุน ูู ูุฑุฒ ูุงฺฉุชุงุ ูโุชูุงูุฏ ุจู ุตูุญู ูุญุตููุงุช ุงู ุจุฑูุฏ ุฏุฑ ุงุณุชูฺฉ ุฏูุงุฑ ูุฑุงุฌุนู ฺฉูุฏ:\n\n<a href=\'https://stockdivar.ir/?search=makita\' target=\'_blank\'>ูุญุตููุงุช ุจุฑูุฏ Makita ุฏุฑ ุงุณุชูฺฉ ุฏูุงุฑ</a>\n\nููฺูู ุงฺฏุฑ ูุฏู ุฎุงุต ูุฏูุธุฑ ุฏุงุฑุฏ ุง ุจู ุฏูุจุงู ูฺฺฏโูุง ุฎุงุต ูุณุชุฏุ ูุทูุงู ูุดุฎุตุงุช ููุฑุฏ ูุธุฑ ุฑุง ุงุนูุงู ฺฉูุฏ ุชุง ุจูุชุฑ ุฑุงูููุงโุชุงู ฺฉูู.','2025-06-02 10:49:49','61,60,25'),(32,2,'ูุชูู ุจุฑุงู ูุญุตูู ุขฺุงุฑ ูพุฏุง ฺฉูุ','ุจููุ ุญุชูุงู! ุดูุง ูโุชูุงูุฏ ุงููุงุน ุขฺุงุฑูุง ูู ู ุฏุณุช ุฏูู ุฑุง ุฏุฑ ุณุงุช ุงุณุชูฺฉ ุฏูุงุฑ ูุดุงูุฏู ฺฉูุฏ. ุจุฑุง ูุดุงูุฏู ูุณุช ฺฉุงูู ูุญุตููุงุช ูุฑุชุจุท ุจุง ุขฺุงุฑุ ูุทูุงู ุจู ููฺฉ ุฒุฑ ูุฑุงุฌุนู ูุฑูุงุฏ:\n\n<a href=\'https://stockdivar.ir/?search=%D8%A2%DA%86%D8%A7%D8%B1\' target=\'_blank\'>ูุญุตููุงุช ุขฺุงุฑ ุฏุฑ ุงุณุชูฺฉ ุฏูุงุฑ</a>\n\nุงฺฏุฑ ููุน ุง ุจุฑูุฏ ุฎุงุต ุงุฒ ุขฺุงุฑ ูุฏ ูุธุฑ ุดูุงุณุช (ูุซูุงู ุขฺุงุฑ ุจูุด ุง ุขฺุงุฑ ูุฑุงูุณู)ุ ูุทูุงู ูุดุฎุต ฺฉูุฏ ุชุง ุฏููโุชุฑ ุฑุงูููุง ฺฉูู.','2025-06-02 10:52:45','58'),(33,2,'ุชุฑุงุฒ ูุฒุฑ ูพุฏุง ฺฉู ุจุฑุงู','ุญุชูุงู! ุชุฑุงุฒ ูุฒุฑ ฺฉ ุงุฒ ุงุจุฒุงุฑูุง ูพุฑฺฉุงุฑุจุฑุฏ ุฏุฑ ฺฉุงุฑูุง ุณุงุฎุชูุงู ู ูุตุจ ุงุณุช. ุจุฑุง ูุดุงูุฏู ุงููุงุน ุชุฑุงุฒ ูุฒุฑ (ูู ู ุฏุณุช ุฏูู)ุ ูโุชูุงูุฏ ุจู ุตูุญู ูุฎุตูุต ุงู ูุญุตููุงุช ุฏุฑ ุงุณุชูฺฉ ุฏูุงุฑ ูุฑุงุฌุนู ฺฉูุฏ.\n\nุจุฑุง ุฑุงุญุช ุดูุงุ ุงูุฌุง ฺฉ ููฺฉ ูุณุชูู ุฌูุช ุฌุณุชุฌู ุชุฑุงุฒ ูุฒุฑ ุฏุฑ ูุจุณุงุช ุงุณุชูฺฉ ุฏูุงุฑ ูุฑุงุฑ ุฏุงุฏูโุงู:  \n<a href=\'https://stockdivar.ir/?search=ุชุฑุงุฒ%20ูุฒุฑ\' target=\'_blank\'>ูุดุงูุฏู ุงููุงุน ุชุฑุงุฒ ูุฒุฑ ุฏุฑ ุงุณุชูฺฉ ุฏูุงุฑ</a>\n\nุงฺฏุฑ ุจุฑูุฏ ุง ูุฏู ุฎุงุต ูุฏ ูุธุฑุชุงู ุงุณุชุ ูุทูุงู ูุงู ุขู ุฑุง ุจูุฑูุงุฏ ุชุง ูุญุตููุงุช ูุฑุชุจุท ุฑุง ุฏููโุชุฑ ุจุฑุง ุดูุง ูพุฏุง ฺฉูู.','2025-06-02 10:55:23','61'),(34,2,'ูุชูู ูุญุตูู ุชุฑุงุฒ ูุฒุฑ ูุนุฑู ฺฉูุ','ุญุชูุงู! ุชุฑุงุฒ ูุฒุฑ ฺฉ ุงุฒ ุงุจุฒุงุฑูุง ุจุณุงุฑ ฺฉุงุฑุจุฑุฏ ุจุฑุง ุงูุฌุงู ฺฉุงุฑูุง ุณุงุฎุชูุงูุ ูุตุจ ฺฉุงุจูุชุ ฺฉุงุดโฺฉุงุฑ ู ุณุงุฑ ุงููุฑ ูู ุงุณุช. ุฏุฑ ูพูุชูุฑู ุงุณุชูฺฉ ุฏูุงุฑุ ุดูุง ูโุชูุงูุฏ ุงููุงุน ุชุฑุงุฒ ูุฒุฑ ุฏุณุช ุฏูู ู ูู ุฑุง ุงุฒ ุจุฑูุฏูุง ูุนุชุจุฑ ูพุฏุง ฺฉูุฏ.\n\nุจุฑุง ูุดุงูุฏู ูุญุตููุงุช ุชุฑุงุฒ ูุฒุฑ ููุฌูุฏุ ฺฉุงู ุงุณุช ุจู ุตูุญู ุฌุณุชุฌู ูุง ูุฑุงุฌุนู ฺฉูุฏ. ูโุชูุงูุฏ <a href=\'https://stockdivar.ir/?search=ุชุฑุงุฒ%20ูุฒุฑ\' target=\'_blank\'>ูุญุตููุงุช ุชุฑุงุฒ ูุฒุฑ ุฏุฑ ุงุณุชูฺฉ ุฏูุงุฑ</a> ุฑุง ุงูุฌุง ุจุจูุฏ.\n\nุงฺฏุฑ ุจุฑูุฏ ุฎุงุต ูุฏูุธุฑ ุฏุงุฑุฏ (ูุงููุฏ ุจูุดุ ุฏูุงูุชุ ูุงฺฉุชุง ู ุบุฑู)ุ ูุทูุงู ูุงู ุจุฑูุฏ ุฑุง ุฐฺฉุฑ ฺฉูุฏ ุชุง ูุญุตููุงุช ูุฑุชุจุท ุจุง ููุงู ุจุฑูุฏ ุฑุง ูุฒ ูุนุฑู ฺฉูู. ุงฺฏุฑ ุจู ุฏูุจุงู ูุฏู ุฎุงุต ูุณุชุฏ ูู ุงุทูุงุน ุฏูุฏ ุชุง ุฏููโุชุฑ ุฑุงูููุง ฺฉูู!','2025-06-02 11:02:38','61'),(35,1,'ูู ูุฑุฒ ุงุฒ ุจุฑูุฏ ูุงฺฉุชุง ูุนุฑู ฺฉู','ูู ูุฑุฒูุง ุจุฑูุฏ ูุงฺฉุชุง (Makita) ุจู ุฏูู ฺฉูุช ุณุงุฎุช ุจุงูุงุ ุฏูุงูุ ู ูุฏุฑุช ููุชูุฑ ููุงุณุจุ ุฏุฑ ุจุงุฒุงุฑ ุงุจุฒุงุฑุขูุงุช ุจุฑู ุจุณุงุฑ ูุญุจูุจ ูุณุชูุฏ. ุงู ูู ูุฑุฒูุง ูุนูููุงู ุจุฑุง ุจุฑุดุ ุณุงุจุ ู ูพุฑุฏุงุฎุช ุงููุงุน ููุฒุงุช ู ูุตุงูุญ ุณุงุฎุชูุงู ุงุณุชูุงุฏู ูโุดููุฏ ู ุฏุฑ ูุฏูโูุง ูุฎุชูู ุจุง ุชูุงู ู ุณุงุฒูุง ูุชูุงูุช ุนุฑุถู ูโุดููุฏ ุชุง ูุงุฒูุง ฺฉุงุฑุจุฑุงู ุญุฑููโุง ู ุฎุงูฺฏ ุฑุง ูพูุดุด ุฏููุฏ.\n\nุฏุฑ ุงุณุชูฺฉ ุฏูุงุฑ ูโุชูุงูุฏ ุงููุงุน ูู ูุฑุฒ ูุงฺฉุชุงุ ฺู ูู ู ฺู ุฏุณุช ุฏููุ ุจุง ููุชโูุง ููุงุณุจ ู ุชุถูู ฺฉูุช ูุดุงูุฏู ู ุจุฑุฑุณ ฺฉูุฏ. ุจุฑุง ูุดุงูุฏู ูุญุตููุงุช ุงู ุจุฑูุฏุ ูุทูุงู ุฑู ููฺฉ ุฒุฑ ฺฉูฺฉ ฺฉูุฏ:\n\n<a href=\'https://stockdivar.ir/?search=Makita\' target=\'_blank\'>ูุญุตููุงุช ุจุฑูุฏ Makita ุฏุฑ ุงุณุชูฺฉ ุฏูุงุฑ</a>\n\nุงฺฏุฑ ุจู ุฏูุจุงู ูุฏู ุฎุงุต ุงุฒ ูู ูุฑุฒ ูุงฺฉุชุง ูุณุชุฏุ ูุทูุงู ูุงู ุง ูุดุฎุตุงุช ุขู ุฑุง ุจุฑุง ูู ุจููุณุฏ ุชุง ุจูุชุฑ ุฑุงูููุงโุชุงู ฺฉูู.','2025-06-02 12:30:01','61,60,25'),(36,16,'ุฏุฑู ุดุงุฑฺ ูุฎูุงู','ุจุง ุณูุงู ู ููุช ุจุฎุฑ  \nุฏุฑ ุงุณุชูฺฉ ุฏูุงุฑ ุงููุงุน ุฏุฑู ุดุงุฑฺ (ฺู ุฏุณุช ุฏูู ู ฺู ูู) ุงุฒ ุจุฑูุฏูุง ูุฎุชูู ููุฌูุฏ ุงุณุช. ุจุฑุง ูุดุงูุฏู ู ุฎุฑุฏ ุฏุฑู ุดุงุฑฺ ูโุชูุงูุฏ ุจู ุตูุญู ูุญุตููุงุช ูุฑุชุจุท ูุฑุงุฌุนู ฺฉูุฏ. ฺฉุงูุณุช ุนุจุงุฑุช ยซุฏุฑู ุดุงุฑฺยป ุฑุง ุฏุฑ ุณุงุช ุฌุณุชุฌู ฺฉูุฏ ุชุง ูุฏูโูุง ู ููุชโูุง ูุฎุชูู ุฑุง ุจุจูุฏ.\n\nูโุชูุงูุฏ <a href=\'https://stockdivar.ir/?search=ุฏุฑู%20ุดุงุฑฺ\' target=\'_blank\'>ุฏุฑูโูุง ุดุงุฑฺ ููุฌูุฏ ุฏุฑ ุงุณุชูฺฉ ุฏูุงุฑ</a> ุฑุง ุงูุฌุง ูุดุงูุฏู ฺฉูุฏ.\n\nุงฺฏุฑ ุจุฑูุฏ ุฎุงุต ูุฏูุธุฑุชุงู ุงุณุช (ูุซูุงู ุจูุดุ ูุงฺฉุชุงุ ุฏูุงูุช ู ุบุฑู) ูุทูุงู ูุงู ุจุฑูุฏ ุฑุง ุฐฺฉุฑ ุจูุฑูุงุฏ ุชุง ูุฏูโูุง ููุงู ุจุฑูุฏ ุฑุง ุจุฑุง ุดูุง ูพุฏุง ฺฉูู.  \nุฏุฑ ุตูุฑุช ูุงุฒ ุจู ุฑุงูููุง ุจุดุชุฑ ุฏุฑ ุงูุชุฎุงุจ ุฏุฑู ุดุงุฑฺ ููุงุณุจุ ุฎูุดุญุงู ูโุดูู ุฑุงูููุง ฺฉูู!','2025-06-02 12:35:50','59,56,57'),(37,1,'ุณูุงู','ุณูุงู! ุฎูุด ุขูุฏุฏ ุจู ุงุณุชูฺฉ ุฏูุงุฑ. ฺุทูุฑ ูโุชูุงูู ุจู ุดูุง ฺฉูฺฉ ฺฉููุ ุงฺฏุฑ ุจู ุฏูุจุงู ูุญุตูู ุฎุงุต ูุณุชุฏ ุง ุณูุงู ุฏุฑุจุงุฑู ุจุฑูุฏูุง ู ุงุจุฒุงุฑูุง ูู ู ุฏุณุช ุฏูู ุฏุงุฑุฏุ ูุทูุงู ุจูุฑูุงุฏ ุชุง ุฑุงูููุงโุชุงู ฺฉูู.','2025-06-02 13:47:59',NULL),(38,1,'ุณูุงู','ุณูุงู! ุฎูุด ุขูุฏุฏ ุจู ุงุณุชูฺฉ ุฏูุงุฑ. ฺุทูุฑ ูโุชููู ุจู ุดูุง ฺฉูฺฉ ฺฉููุ ุงฺฏุฑ ุจู ุฏูุจุงู ูุญุตูู ุฎุงุต ูุณุชุฏ ุง ุจุฑูุฏ ุฎุงุต ูุฏูุธุฑุชูู ูุณุชุ ูุทูุงู ุจูุฑูุงุฏ ุชุง ุฑุงูููุงโุชูู ฺฉูู.','2025-06-02 13:53:10',NULL),(39,6,'ุฏุฑู ูุงฺฉุชุง','ุฏุฑูโูุง ุจุฑูุฏ ูุงฺฉุชุง ุจู ุฏูู ฺฉูุช ุณุงุฎุช ุจุงูุง ู ุฏูุงู ุฒุงุฏุ ุจู ฺฉุงุฑุจุฑุงู ุญุฑููโุง ู ุฎุงูฺฏ ุจุณุงุฑ ูุญุจูุจ ูุณุชูุฏ. ุฏุฑ ุณุงุช ุงุณุชูฺฉ ุฏูุงุฑ ูโุชูุงูุฏ ุงููุงุน ุฏุฑู ูุงฺฉุชุงุ ฺู ูู ู ฺู ฺฉุงุฑฺฉุฑุฏูุ ุฑุง ุจุง ููุชโูุง ููุงุณุจ ูุดุงูุฏู ู ููุงุณู ฺฉูุฏ. ุจุฑุง ูุดุงูุฏู ูุญุตููุงุช ุงู ุจุฑูุฏุ ูุทูุงู ุจู ููฺฉ ุฒุฑ ูุฑุงุฌุนู ฺฉูุฏ:\n\n<a href=\'https://stockdivar.ir/?search=Makita\' target=\'_blank\'>ูุญุตููุงุช ุจุฑูุฏ Makita ุฏุฑ ุงุณุชูฺฉ ุฏูุงุฑ</a>\n\nุงฺฏุฑ ูุฏู ุฎุงุต ูุฏูุธุฑุชุงู ุงุณุช ุง ุจู ุฏูุจุงู ูฺฺฏ ุฎุงุต ูุณุชุฏ (ูุซูุงู ุฏุฑู ุดุงุฑฺ ุง ุจุฑู)ุ ูุทูุงู ูุดุฎุตุงุช ุจุดุชุฑ ุจุงู ฺฉูุฏ ุชุง ุจูุชุฑ ุฑุงูููุงโุชุงู ฺฉูู.','2025-06-02 17:09:08','57,56,25'),(40,6,'ูุฑุฒุจูุด','ูุฑุฒ ุจูุด ฺฉ ุงุฒ ูพุฑุทุฑูุฏุงุฑุชุฑู ุงุจุฒุงุฑูุง ุจุฑู ุฏุฑ ุจุงุฒุงุฑ ุงุณุช ฺฉู ุจู ุฏูู ฺฉูุช ุจุงูุง ู ุฏูุงู ุทููุงูุ ูุญุจูุจุช ุฒุงุฏ ูุงู ฺฉุงุฑุจุฑุงู ุญุฑููโุง ู ุฎุงูฺฏ ุฏุงุฑุฏ. ุงู ุจุฑูุฏ ุขููุงู ุงููุงุน ูุฑุฒูุง ุงุฒ ุฌููู ูุฑุฒ ุณูฺฏุจุฑุ ุขููฺฏุฑ ู ููโูุฑุฒ ุฑุง ุชููุฏ ูโฺฉูุฏ. ุงฺฏุฑ ุจู ุฏูุจุงู ุฎุฑุฏ ูุฑุฒ ุจูุด ูู ุง ุฏุณุช ุฏูู ูุณุชุฏุ ูโุชูุงูุฏ ุจุง ุฌุณุชุฌู ุนุจุงุฑุช \"ูุฑุฒ ุจูุด\" ุฏุฑ ุณุงุช ุงุณุชูฺฉ ุฏูุงุฑุ ูุฏูโูุง ูุชููุน ุฑุง ูุดุงูุฏู ู ููุงุณู ฺฉูุฏ.\n\nุจุฑุง ูุดุงูุฏู ูุณุช ูุญุตููุงุช ุงู ุจุฑูุฏุ ูุทูุงู ุฑู ููฺฉ ุฒุฑ ฺฉูฺฉ ฺฉูุฏ:  \n<a href=\'https://stockdivar.ir/?search=Bosch\' target=\'_blank\'>ูุญุตููุงุช ุจุฑูุฏ Bosch ุฏุฑ ุงุณุชูฺฉ ุฏูุงุฑ</a>\n\nููฺูู ุงฺฏุฑ ูุฏู ุฎุงุต ูุฏูุธุฑ ุฏุงุฑุฏุ ูุทูุงู ูุงู ุฏูู ูุฏู ุฑุง ุจูุฑูุงุฏ ุชุง ุจูุชุฑ ุฑุงูููุงโุชุงู ฺฉูู.','2025-06-02 17:10:56',NULL),(41,6,'ูุฑุฒ ููุช','ูุฑุฒ ููุช ฺฉ ุงุฒ ุงุจุฒุงุฑูุง ูุฏุฑุชููุฏ ู ุจุงฺฉูุช ุจุฑูุฏ Hilti ุงุณุช ฺฉู ูุนูููุงู ุจุฑุง ุจุฑุดุ ุณุงุด ู ูพุฑุฏุงุฎุช ุณุทูุญ ูุฎุชูู ุฏุฑ ฺฉุงุฑูุง ุณุงุฎุชูุงู ู ุตูุนุช ุงุณุชูุงุฏู ูโุดูุฏ. ุงู ุฏุณุชฺฏุงูโูุง ุจู ุฏูุงู ุจุงูุง ู ุนููฺฉุฑุฏ ูุงุจู ุงุนุชูุงุฏ ุดูุฑุช ุฏุงุฑูุฏ ู ุฏุฑ ูุงู ุญุฑููโุงโูุง ุจุณุงุฑ ูุญุจูุจ ูุณุชูุฏ.\n\nุจุฑุง ูุดุงูุฏู ุงููุงุน ูุฑุฒ Hilti (ููุช) ูู ู ุฏุณุช ุฏูู ุจู ููุฑุงู ููุช ู ูุดุฎุตุงุชุ ูโุชูุงูุฏ ุจู ุตูุญู ุฒุฑ ูุฑุงุฌุนู ฺฉูุฏ:\n<a href=\'https://stockdivar.ir/?search=hilti\' target=\'_blank\'>ูุญุตููุงุช ุจุฑูุฏ Hilti ุฏุฑ ุงุณุชูฺฉ ุฏูุงุฑ</a>\n\nุงฺฏุฑ ูุฏู ุฎุงุต ุงุฒ ูุฑุฒ ููุช ูุฏ ูุธุฑ ุดูุงุณุชุ ูุทูุงู ูุงู ุง ูุดุฎุตุงุช ุขู ุฑุง ุฐฺฉุฑ ฺฉูุฏ ุชุง ุจูุชุฑ ุฑุงูููุงโุชุงู ฺฉูู.','2025-06-02 17:11:29','21,60,62'),(42,6,'ุฏุฑู ููุช','ุฏุฑูโูุง ููุช (Hilti) ุจู ุฎุงุทุฑ ฺฉูุช ุจุงูุงุ ูุฏุฑุช ู ุฏูุงู ูููโุงูุนุงุฏู ุฏุฑ ูุงู ฺฉุงุฑุจุฑุงู ุญุฑููโุง ู ุตูุนุช ุจุณุงุฑ ูุญุจูุจ ูุณุชูุฏ. ุงฺฏุฑ ุจู ุฏูุจุงู ุฎุฑุฏ ุฏุฑู ููุช ุฏุณุช ุฏูู ุง ูู ูุณุชุฏุ ูโุชูุงูุฏ ูุฏูโูุง ูุฎุชูู ุงู ุจุฑูุฏ ุฑุง ุฏุฑ ุงุณุชูฺฉ ุฏูุงุฑ ูุดุงูุฏู ฺฉูุฏ. ุจุฑุง ูุดุงูุฏู ุชูุงู ูุญุตููุงุช ูุฑุชุจุท ุจุง ุฏุฑู ููุชุ ูุทูุงู ุฑู ููฺฉ ุฒุฑ ฺฉูฺฉ ฺฉูุฏ:\n\n<a href=\'https://stockdivar.ir/?search=Hilti\' target=\'_blank\'>ูุญุตููุงุช ุจุฑูุฏ Hilti ุฏุฑ ุงุณุชูฺฉ ุฏูุงุฑ</a>\n\nุงฺฏุฑ ุจู ูุฏู ุฎุงุต ูุงุฒ ุฏุงุฑุฏ ุง ุณูุงู ุจุดุชุฑ ุฏุงุดุชุฏุ ุฎูุดุญุงู ูโุดูู ุฑุงูููุงโุชุงู ฺฉูู.','2025-06-02 17:12:49','22,23,24'),(43,2,'ุฏูุจุงู ูุฑุฒ ุดุงุฑฺ ูฺฏุฑุฏู','ููููู ุงุฒ ุณูุงู ุดูุง. ุจุฑุง ูุดุงูุฏู ุงููุงุน ูุฑุฒ ุดุงุฑฺ (ูุฑุฒ ุจโุณู) ุฏุฑ ุงุณุชูฺฉ ุฏูุงุฑุ ูโุชูุงูุฏ ุจุง ุฌุณุชุฌู ุนุจุงุฑุงุช ูุงููุฏ \"ูุฑุฒ ุดุงุฑฺ\"ุ \"ูุฑุฒ ุจโุณู\" ุง ุญุช ูุงู ุจุฑูุฏ ููุฑุฏ ูุธุฑุ ูุญุตููุงุช ูุฑุชุจุท ุฑุง ูุดุงูุฏู ฺฉูุฏ. ุฏุฑ ุญุงู ุญุงุถุฑุ ูโุชูุงูุฏ ูุณุช ฺฉุงูู ูุฑุฒูุง ุดุงุฑฺ ููุฌูุฏ ุฑุง ุงุฒ ุทุฑู ููฺฉ ุฒุฑ ุจุจูุฏ:\n\n<a href=\'https://stockdivar.ir/?search=ูุฑุฒ%20ุดุงุฑฺ\' target=\'_blank\'>ูุฑุฒ ุดุงุฑฺ ุฏุฑ ุงุณุชูฺฉ ุฏูุงุฑ</a>\n\nุงฺฏุฑ ุจุฑูุฏ ุง ูุฏู ุฎุงุต ูุฏูุธุฑ ุดูุงุณุช (ูุซูุงู ุจูุดุ ูุงฺฉุชุงุ ุฏูุงูุช ู ...)ุ ูุทูุงู ูุงู ุขู ุฑุง ุฐฺฉุฑ ฺฉูุฏ ุชุง ุฏููโุชุฑ ุฑุงูููุง ฺฉูู ุง ูุญุตููุงุช ูุฑุชุจุท ุจุง ุขู ุจุฑูุฏ ุฑุง ุจู ุดูุง ูุนุฑู ฺฉูู.','2025-06-03 04:46:04','59,56,57'),(44,1,'ูุญุตููุงุช ุฏุฑู ุดุงุฑฺ ุจูู ูุนุฑู ฺฉู','ุญุชูุงูุ ุฏุฑู ุดุงุฑฺ ฺฉ ุงุฒ ุงุจุฒุงุฑูุง ูพุฑฺฉุงุฑุจุฑุฏ ุฏุฑ ฺฉุงุฑูุง ูู ู ุฎุงูฺฏ ุงุณุช. ุฏุฑ ุงุณุชูฺฉ ุฏูุงุฑ ุงููุงุน ุฏุฑู ุดุงุฑฺ ุฏุณุช ุฏูู ู ูู ุงุฒ ุจุฑูุฏูุง ูุฎุชูู ูุงููุฏ ุจูุด (Bosch)ุ ูุงฺฉุชุง (Makita)ุ ุฏูุงูุช (DeWalt)ุ ููุช (Hilti) ู ุณุงุฑ ุจุฑูุฏูุง ูุนุชุจุฑ ููุฌูุฏ ุงุณุช.\n\nุจุฑุง ูุดุงูุฏู ูุญุตููุงุช ูุฑุชุจุท ูโุชูุงูุฏ ุจู ุตูุญู ุฒุฑ ูุฑุงุฌุนู ฺฉูุฏ:  \n<a href=\'https://stockdivar.ir/?search=ุฏุฑู%20ุดุงุฑฺ\' target=\'_blank\'>ุฏุฑู ุดุงุฑฺ ุฏุฑ ุงุณุชูฺฉ ุฏูุงุฑ</a>\n\nููฺูู ุงฺฏุฑ ุจุฑูุฏ ุฎุงุต ูุฏ ูุธุฑุชุงู ุงุณุชุ ูุทูุงู ูุงู ุขู ุฑุง ุฐฺฉุฑ ฺฉูุฏ ุชุง ูุญุตููุงุช ุขู ุจุฑูุฏ ุฑุง ุจุฑุง ุดูุง ุฌุณุชุฌู ฺฉูู.','2025-06-07 04:49:25','59,56,57'),(45,1,'ูู ูุฑุฒ ุงุฒ ุจุฑูุฏ ูุงฺฉุชุง ูุนุฑู ฺฉู','ุญุชูุงู! ูู ูุฑุฒูุง ุจุฑูุฏ ูุงฺฉุชุง (Makita) ุจู ุฏูู ฺฉูุช ุณุงุฎุช ุจุงูุงุ ุฏูุงู ู ุนููฺฉุฑุฏ ูุฏุฑุชููุฏุ ุจู ฺฉุงุฑุจุฑุงู ู ุญุฑููโุงโูุง ุจุณุงุฑ ูุญุจูุจ ูุณุชูุฏ. ุงู ุงุจุฒุงุฑูุง ุนูููุงู ุจุฑุง ุจุฑุดุ ุณุงุดุ ุตูู ู ฺฉุงุฑูุง ุตูุนุช ู ุณุงุฎุชูุงู ููุฑุฏ ุงุณุชูุงุฏู ูุฑุงุฑ ูโฺฏุฑูุฏ. ูุฏูโูุง ูุฎุชูู ุงุฒ ูู ูุฑุฒ ูุงฺฉุชุง ุจุง ุชูุงูโูุง ู ูฺฺฏโูุง ูุชููุน ุฏุฑ ุจุงุฒุงุฑ ููุฌูุฏ ุงุณุช. ุจุฑุฎ ุงุฒ ูฺฺฏโูุง ุฑุงุฌ ูู ูุฑุฒ ูุงฺฉุชุง ุนุจุงุฑุชโุงูุฏ ุงุฒ:\n\n- ููุชูุฑ ูพุฑูุฏุฑุช ู ุจุงฺฉูุช  \n- ุทุฑุงุญ ุงุฑฺฏููููฺฉ ู ูุฒู ููุงุณุจ  \n- ูุงุจูุช ุชุนูุถ ุขุณุงู ุตูุญู  \n- ุณุณุชู ุงูู ู ูุญุงูุธุช ุฏุฑ ุจุฑุงุจุฑ ุงุถุงูู ุจุงุฑ  \n\nุจุฑุง ูุดุงูุฏู ู ุฎุฑุฏ ูู ูุฑุฒูุง ุฏุณุช ุฏูู ู ูู ุงุฒ ุจุฑูุฏ ูุงฺฉุชุงุ ูโุชูุงูุฏ ุจู ุตูุญู ุฒุฑ ุฏุฑ ุงุณุชูฺฉ ุฏูุงุฑ ูุฑุงุฌุนู ฺฉูุฏ:  \n<a href=\'https://stockdivar.ir/?search=makita\' target=\'_blank\'>ูุญุตููุงุช ุจุฑูุฏ Makita ุฏุฑ ุงุณุชูฺฉ ุฏูุงุฑ</a>\n\nุงฺฏุฑ ูุฏู ุฎุงุต ูุฏ ูุธุฑ ุฏุงุฑุฏุ ูุทูุงู ูุงู ูุฏู ุฑุง ุจููุณุฏ ุชุง ุงุทูุงุนุงุช ุฏููโุชุฑ ุงุฑุงุฆู ฺฉูู.','2025-06-07 04:51:21','61,60,25'),(46,1,'ูู ูุฑุฒ ุงุฒ ุจุฑูุฏ ูุงฺฉุชุง ูุนุฑู ฺฉู','ูู ูุฑุฒูุง ุจุฑูุฏ ูุงฺฉุชุง (Makita) ุจู ุฏูู ฺฉูุช ุณุงุฎุช ุจุงูุงุ ุฏูุงู ุนุงู ู ูุฏุฑุช ููุชูุฑ ููุงุณุจุ ฺฉ ุงุฒ ูุญุจูุจโุชุฑู ุงูุชุฎุงุจโูุง ุจุฑุง ฺฉุงุฑูุง ุตูุนุช ู ุฎุงูฺฏ ูุณุชูุฏ. ุงู ุฏุณุชฺฏุงูโูุง ูุนูููุงู ุฏุงุฑุง ูฺฺฏโูุง ูุซู ูุงุจูุช ุชูุธู ุณุฑุนุชุ ุทุฑุงุญ ุงุฑฺฏููููฺฉุ ู ุณุณุชู ุงูู ูพุดุฑูุชู ูุณุชูุฏ.\n\nุจุฑุง ูุดุงูุฏู ุงููุงุน ูู ูุฑุฒูุง ูุงฺฉุชุง ููุฌูุฏ ุฏุฑ ุงุณุชูฺฉ ุฏูุงุฑุ ูโุชูุงูุฏ ุงุฒ ููฺฉ ุฒุฑ ุงุณุชูุงุฏู ฺฉูุฏ:\n\n<a href=\'https://stockdivar.ir/?search=makita\' target=\'_blank\'>ูุญุตููุงุช ุจุฑูุฏ Makita ุฏุฑ ุงุณุชูฺฉ ุฏูุงุฑ</a>\n\nููฺูู ุงฺฏุฑ ูุฏู ุฎุงุต ุงุฒ ูู ูุฑุฒ ูุงฺฉุชุง ูุฏ ูุธุฑ ุฏุงุฑุฏุ ูุทูุงู ูุงู ุง ุดูุงุฑู ูุฏู ุฑุง ุงุนูุงู ฺฉูุฏ ุชุง ุฏููโุชุฑ ุฑุงูููุง ฺฉูู.','2025-06-07 04:51:51','61,60,25'),(47,1,'ูู ูุฑุฒ ุงุฒ ุจุฑูุฏ ูุงฺฉุชุง ูุนุฑู ฺฉู','ูู ูุฑุฒูุง ุจุฑูุฏ ูุงฺฉุชุง (Makita) ุจู ุฏูู ฺฉูุช ุณุงุฎุช ุจุงูุงุ ุฏูุงู ู ูุฏุฑุช ููุงุณุจุ ุฏุฑ ุจู ฺฉุงุฑุจุฑุงู ุญุฑููโุง ู ุฎุงูฺฏ ุจุณุงุฑ ูุญุจูุจ ูุณุชูุฏ. ุงู ุงุจุฒุงุฑูุง ุจุฑุง ุจุฑุดุ ุณุงุจุ ู ุณูุจุงุฏูโฺฉุงุฑ ุงููุงุน ูุชุฑุงู ูุงููุฏ ููุฒุ ุณูฺฏ ู ฺูุจ ุงุณุชูุงุฏู ูโุดููุฏ. ูุงฺฉุชุง ูุฏูโูุง ูุฎุชูู ุงุฒ ูู ูุฑุฒ ุฑุง ุจุง ูฺฺฏโูุง ูุงููุฏ ููุชูุฑ ูพุฑูุฏุฑุชุ ุทุฑุงุญ ุงุฑฺฏููููฺฉ ู ุณุณุชู ุงูู ุงุฑุงุฆู ูโุฏูุฏ. \n\nุจุฑุง ูุดุงูุฏู ู ุฎุฑุฏ ุงููุงุน ูู ูุฑุฒ ูุงฺฉุชุงุ ูโุชูุงูุฏ ุงุฒ ูุจุณุงุช ุงุณุชูฺฉ ุฏูุงุฑ ุจุงุฒุฏุฏ ฺฉูุฏ:\n\n<a href=\'https://stockdivar.ir/?search=Makita\' target=\'_blank\'>ูุญุตููุงุช ุจุฑูุฏ Makita ุฏุฑ ุงุณุชูฺฉ ุฏูุงุฑ</a>\n\nฺฉููุงุช ฺฉูุฏ ููุงุณุจ ุจุฑุง ุฌุณุชุฌู: ูู ูุฑุฒ ูุงฺฉุชุงุ ูุฑุฒ ุฏุณุช Makitaุ ุงุจุฒุงุฑ ุจุฑู ูุงฺฉุชุงุ ููโูุฑุฒ ุงุณุชูฺฉุ ููโูุฑุฒ ูู ูุงฺฉุชุง. \n\nุฏุฑ ุตูุฑุช ูุงุฒ ุจู ูุนุฑู ูุฏู ุฎุงุต ุงุฒ ูู ูุฑุฒ ูุงฺฉุชุง ุง ูุดุงูุฏู ุฌุฒุฆุงุช ุจุดุชุฑุ ูุทูุงู ุจู ูู ุงุทูุงุน ุฏูุฏ ุชุง ุฏููโุชุฑ ุฑุงูููุง ฺฉูู.','2025-06-07 04:54:17','61,60,25'),(48,1,'ูู ูุฑุฒ ุงุฒ ุจุฑูุฏ ูุงฺฉุชุง ูุนุฑู ฺฉู','ูู ูุฑุฒูุง ุจุฑูุฏ ูุงฺฉุชุง (Makita) ุจูโุฏูู ฺฉูุช ุณุงุฎุช ุจุงูุงุ ุฏูุงู ู ุนููฺฉุฑุฏ ุนุงู ุฏุฑ ูุงู ฺฉุงุฑุจุฑุงู ุญุฑููโุง ู ุฎุงูฺฏ ุจุณุงุฑ ูุญุจูุจ ูุณุชูุฏ. ุงู ุงุจุฒุงุฑูุง ุจุฑุง ุจุฑุดุ ุณุงุดุ ูพููุด ู ุณูุจุงุฏูโฺฉุงุฑ ุงููุงุน ูุชุฑุงู ูุงููุฏ ููุฒ ู ุณูฺฏ ฺฉุงุฑุจุฑุฏ ุฏุงุฑูุฏ. ูู ูุฑุฒูุง ูุงฺฉุชุง ูุนูููุงู ุฏุงุฑุง ููุชูุฑ ูพุฑูุฏุฑุช ู ูุฒู ููุงุณุจ ุจุฑุง ฺฉุงุฑุจุฑ ุทููุงู ูุฏุช ูุณุชูุฏ.\n\nุจุฑุง ูุดุงูุฏู ู ุฎุฑุฏ ุงููุงุน ูู ูุฑุฒ ุฏุณุช ุฏูู ู ูู ุงุฒ ุจุฑูุฏ ูุงฺฉุชุง ูโุชูุงูุฏ ุจู ููฺฉ ุฒุฑ ูุฑุงุฌุนู ฺฉูุฏ:\n\n<a href=\'https://stockdivar.ir/?search=makita\' target=\'_blank\'>ูุญุตููุงุช ุจุฑูุฏ Makita ุฏุฑ ุงุณุชูฺฉ ุฏูุงุฑ</a>\n\nฺฉููุงุช ฺฉูุฏ ุจุฑุง ุฌุณุชุฌู: ูู ูุฑุฒ ูุงฺฉุชุงุ ุณูฺฏ ูุฑุฒ Makitaุ ูุฑุฒ ุจุฑูุ ุงุจุฒุงุฑ ุจุฑู ูุงฺฉุชุงุ mini grinder makita\n\nุงฺฏุฑ ูุฏู ุฎุงุต ูุฏูุธุฑ ุฏุงุฑุฏ ุง ูุงุฒ ุจู ุฑุงูููุง ุจุดุชุฑ ุฏุงุฑุฏุ ูุทูุงู ุงุทูุงุน ุฏูุฏ ุชุง ุจูุชุฑ ุดูุง ุฑุง ุฑุงูููุง ฺฉูู.','2025-06-07 04:55:12','61,60,25'),(49,1,'ูุฑุฒ ุงุฒ ุจุฑูุฏ ูุงฺฉุชุง ูพุฏุง ฺฉู ุจุฑุงู','ุญุชูุงู! ุจุฑุง ูุดุงูุฏู ุงููุงุน ูุฑุฒ ุงุฒ ุจุฑูุฏ ูุงฺฉุชุง (Makita) ุฏุฑ ุงุณุชูฺฉ ุฏูุงุฑุ ฺฉุงูุณุช ุฑู ููฺฉ ุฒุฑ ฺฉูฺฉ ฺฉูุฏ. ุฏุฑ ุงู ุตูุญู ูโุชูุงูุฏ ูุฏูโูุง ูุฎุชูู ูุฑุฒ ูู ู ุฏุณุช ุฏูู ูุงฺฉุชุง ุฑุง ุจุง ุฌุฒุฆุงุชุ ููุช ู ุดุฑุงุท ูุฑ ฺฉุงูุง ูุดุงูุฏู ฺฉูุฏ:\n\n<a href=\'https://stockdivar.ir/?search=Makita+ูุฑุฒ\' target=\'_blank\'>ูุญุตููุงุช ุจุฑูุฏ Makita ุฏุฑ ุงุณุชูฺฉ ุฏูุงุฑ</a>\n\nุงฺฏุฑ ูุฏู ุฎุงุต ุงุฒ ูุฑุฒ ุฑุง ูุฏ ูุธุฑ ุฏุงุฑุฏ ุง ุจู ุฏูุจุงู ูฺฺฏ ุฎุงุต ูุณุชุฏ (ูุงููุฏ ูุฑุฒ ุณูฺฏุจุฑุ ุขููฺฏุฑ ุง ูู ูุฑุฒ)ุ ูุทูุงู ูุดุฎุต ฺฉูุฏ ุชุง ุฏููโุชุฑ ุฑุงูููุงโุชุงู ฺฉูู.','2025-06-07 04:56:39','61,60,25'),(50,1,'ูู ูุฑุฒ ุงุฒ ุจุฑูุฏ ูุงฺฉุชุง ูุนุฑู ฺฉู','ูู ูุฑุฒูุง ุจุฑูุฏ ูุงฺฉุชุง (Makita) ุงุฒ ุฌููู ุงุจุฒุงุฑูุง ูพุฑุทุฑูุฏุงุฑ ู ุจุงฺฉูุช ุฏุฑ ุจุงุฒุงุฑ ูุณุชูุฏ ฺฉู ุจุฑุง ุจุฑุดุ ุณุงุด ู ุตูู ุฏุงุฏู ุณุทูุญ ูุฎุชูู ฺฉุงุฑุจุฑุฏ ุฏุงุฑูุฏ. ุงู ูู ูุฑุฒูุง ุจู ุฏูู ุฏูุงู ุจุงูุงุ ุทุฑุงุญ ุงุฑฺฏููููฺฉ ู ูุฏุฑุช ููุงุณุจุ ูู ุฏุฑ ฺฉุงุฑฺฏุงูโูุง ุญุฑููโุง ู ูู ุจุฑุง ูุตุงุฑู ุฎุงูฺฏ ุงุณุชูุงุฏู ูโุดููุฏ. ูุฏูโูุง ูุชููุน ุงุฒ ูู ูุฑุฒ ูุงฺฉุชุง ุจุง ุชูุงูโูุง ู ูุทุฑ ุฏุณฺฉโูุง ูุฎุชูู ุฏุฑ ุงุณุชูฺฉ ุฏูุงุฑ ููุฌูุฏ ุงุณุช.\n\nุจุฑุง ูุดุงูุฏู ู ุฎุฑุฏ ุงููุงุน ูู ูุฑุฒ ุจุฑูุฏ ูุงฺฉุชุง ูโุชูุงูุฏ ุงุฒ ุทุฑู ููฺฉ ุฒุฑ ุงูุฏุงู ฺฉูุฏ:  \n<a href=\'https://stockdivar.ir/?search=makita\' target=\'_blank\'>ูุญุตููุงุช ุจุฑูุฏ Makita ุฏุฑ ุงุณุชูฺฉ ุฏูุงุฑ</a>','2025-06-07 05:10:20','61,60,25'),(51,1,'ูู ูุฑุฒ ุงุฒ ุจุฑูุฏ ูุงฺฉุชุง ูุนุฑู ฺฉู','ูู ูุฑุฒูุง ุจุฑูุฏ ูุงฺฉุชุง (Makita) ุจู ุฏูู ฺฉูุช ุณุงุฎุช ุจุงูุงุ ุฏูุงู ุฒุงุฏ ู ฺฉุงุฑุง ุนุงูุ ุจู ฺฉุงุฑุจุฑุงู ุจุณุงุฑ ูุญุจูุจ ูุณุชูุฏ. ุงู ูู ูุฑุฒูุง ูุนูููุงู ุฏุฑ ูุฏูโูุง ู ุชูุงูโูุง ูุชููุน ุงุฑุงุฆู ูโุดููุฏ ู ุจุฑุง ุจุฑุดุ ุณุงุจุ ูพุฑุฏุงุฎุช ู ุณูุจุงุฏูโฺฉุงุฑ ุงููุงุน ูุชุฑุงู ูุซู ููุฒุ ุณูฺฏ ู ฺูุจ ฺฉุงุฑุจุฑุฏ ุฏุงุฑูุฏ. ุจุฑุฎ ูฺฺฏโูุง ุฑุงุฌ ูู ูุฑุฒ ูุงฺฉุชุง ุนุจุงุฑุชูุฏ ุงุฒ:\n\n- ุทุฑุงุญ ุงุฑฺฏููููฺฉ ู ุณุจฺฉ ุจุฑุง ฺฉุงุฑ ุทููุงู ุจุฏูู ุฎุณุชฺฏ\n- ูุฌูุฒ ุจู ุณุณุชู ุถุฏ ูุฑุฒุด\n- ุงูู ุจุงูุง ุจุง ูุญุงูุธ ุตูุญู\n- ููุชูุฑ ูุฏุฑุชููุฏ ู ุทูู ุนูุฑ ุฒุงุฏ\n\nุจุฑุง ูุดุงูุฏู ู ุฎุฑุฏ ุงููุงุน ูู ูุฑุฒ ูุงฺฉุชุง (Makita) ูู ู ุฏุณุช ุฏููุ ูโุชูุงูุฏ ุจู ููฺฉ ุฒุฑ ูุฑุงุฌุนู ฺฉูุฏ:\n\n<a href=\'https://stockdivar.ir/?search=Makita\' target=\'_blank\'>ูุญุตููุงุช ุจุฑูุฏ Makita ุฏุฑ ุงุณุชูฺฉ ุฏูุงุฑ</a>','2025-06-07 05:11:34','61,60,25'),(52,2,'ุณูุงู','ุณูุงู! ุฎูุด ุขูุฏุฏ ุจู ุงุณุชูฺฉ ุฏูุงุฑ. ฺุทูุฑ ูโุชูุงูู ุจู ุดูุง ฺฉูฺฉ ฺฉููุ ุงฺฏุฑ ุจู ุฏูุจุงู ูุญุตูู ุฎุงุต ูุณุชุฏ ุง ุณูุงู ุฏุฑุจุงุฑู ุจุฑูุฏูุง ุง ฺฉุงูุงูุง ูู ู ุฏุณุช ุฏูู ุฏุงุฑุฏุ ูุทูุงู ุจูุฑูุงุฏ ุชุง ุฑุงูููุงโุชุงู ฺฉูู.','2025-06-07 12:59:42',NULL),(53,16,'ุฏุฑู ุดุงุฑฺ','ุฏุฑู ุดุงุฑฺ ฺฉ ุงุฒ ุงุจุฒุงุฑูุง ุจุณุงุฑ ฺฉุงุฑุจุฑุฏ ุจุฑุง ฺฉุงุฑูุง ุฎุงูฺฏ ู ุตูุนุช ุงุณุช. ุงุฒ ูุฒุงุง ููู ุฏุฑู ุดุงุฑฺ ูโุชูุงู ุจู ูุงุจูุช ุญูู ุขุณุงูุ ูุจูุฏ ูุงุฒ ุจู ูพุฑุฒ ุจุฑู ุฏุฑ ููฺฏุงู ฺฉุงุฑุ ู ุงูู ุจุดุชุฑ ุงุดุงุฑู ฺฉุฑุฏ. ููฺฏุงู ุฎุฑุฏ ุฏุฑู ุดุงุฑฺุ ุจู ุงู ูฺฉุงุช ุชูุฌู ฺฉูุฏ:\n\n1. ุธุฑูุช ุจุงุชุฑ (ุขููพุฑุณุงุนุช): ูุฑฺู ุธุฑูุช ุจุงูุงุชุฑ ุจุงุดุฏุ ูุฏุช ุฒูุงู ุจุดุชุฑ ูโุชูุงูุฏ ุจุง ุฏุณุชฺฏุงู ฺฉุงุฑ ฺฉูุฏ.\n2. ููุชุงฺ ุจุงุชุฑ: ูุนูููุงู ุฏุฑูโูุง ุจุง ููุชุงฺ ุจุงูุงุชุฑุ ูุฏุฑุช ุจุดุชุฑ ุฏุงุฑูุฏ.\n3. ูุฒู ุฏุณุชฺฏุงู: ุงฺฏุฑ ูุฑุงุฑ ุงุณุช ูุฏุช ุฒุงุฏ ุจุง ุงุจุฒุงุฑ ฺฉุงุฑ ฺฉูุฏุ ูุฒู ุณุจฺฉโุชุฑ ุจุงุนุซ ุฎุณุชฺฏ ฺฉูุชุฑ ูโุดูุฏ.\n4. ูุงุจูุช ุชุนูุถ ุจุงุชุฑ: ุจุฑุฎ ูุฏูโูุง ุจุงุชุฑ ุฏฺฉ ุฏุงุฑูุฏ ฺฉู ุจุณุงุฑ ฺฉุงุฑุจุฑุฏ ุงุณุช.\n5. ุงูฺฉุงูุงุช ุฌุงูุจ: ูุซู ฺฏุฑุจฺฉุณ ุฏู ุณุฑุนุชูุ ฺุฑุงุบ LEDุ ู ุณุณุชู ฺฉูุชุฑู ฺฏุดุชุงูุฑ.\n\nุงฺฏุฑ ุจู ุฏูุจุงู ูุฏูโูุง ู ุจุฑูุฏูุง ูุฎุชูู ุฏุฑู ุดุงุฑฺ ูุณุชุฏุ ูโุชูุงูุฏ ูุณุช ุงู ูุญุตููุงุช ุฑุง ุฏุฑ ุงู ููฺฉ ุจุจูุฏ:\n<a href=\"https://stockdivar.ir/?search=drill%20charge\" target=\"_blank\">ูุญุตููุงุช ุฏุฑู ุดุงุฑฺ ุฏุฑ ุงุณุชูฺฉ ุฏูุงุฑ</a>','2025-06-07 14:31:58','59,56,57'),(54,2,'ุฏูุจุงู ุฏุฑู ุดุงุฑฺ ุจุฑูุฏ ูุงฺฉุชุง ูฺฏุฑุฏู','ุฏุฑูโูุง ุดุงุฑฺ ุจุฑูุฏ ูุงฺฉุชุง ฺฉ ุงุฒ ูุญุจูุจโุชุฑู ุงูุชุฎุงุจโูุง ุจุฑุง ฺฉุงุฑูุง ุฎุงูฺฏ ู ุตูุนุช ูุณุชูุฏ. ุงู ุฏุฑูโูุง ูุนูููุงู ุจู ุฏูู ูุฒู ููุงุณุจุ ูุฏุฑุช ฺฉุงูุ ู ุฏูุงู ุจุงูุง ุดูุงุฎุชู ูโุดููุฏ. ููฺฏุงู ุงูุชุฎุงุจ ุฏุฑู ุดุงุฑฺ ูุงฺฉุชุงุ ุจู ุธุฑูุช ุจุงุชุฑ (ูุนูููุงู ุจุฑ ุญุณุจ ุขููพุฑ ุณุงุนุช)ุ ููุชุงฺ ุฏุณุชฺฏุงูุ ุงูฺฉุงู ุชูุธู ุณุฑุนุชุ ู ูุฌูุฏ ููุงุฒู ุฌุงูุจ ุฏูุช ฺฉูุฏ. ููฺูู ุจุฑุฑุณ ฺฉูุฏ ฺฉู ุฏุณุชฺฏุงู ุฏุงุฑุง ุจุงุชุฑ ู ุดุงุฑฺุฑ ููุฑุงู ุจุงุดุฏ ุง ุฎุฑ.\n\nุจุฑุง ูุดุงูุฏู ูุญุตููุงุช ูุฑุชุจุท ุจุง ุฏุฑู ุดุงุฑฺ ูุงฺฉุชุง ุฏุฑ ุงุณุชูฺฉ ุฏูุงุฑ ูโุชูุงูุฏ ุงุฒ ููฺฉ ุฒุฑ ุงุณุชูุงุฏู ฺฉูุฏ:  \n<a href=\"https://stockdivar.ir/?search=makita%20cordless%20drill\" target=\"_blank\">ูุญุตููุงุช ุฏุฑู ุดุงุฑฺ ูุงฺฉุชุง ุฏุฑ ุงุณุชูฺฉ ุฏูุงุฑ</a>','2025-06-07 14:54:25','59,56,57'),(55,21,'ุขุง ุฏุฑู ุฏุงุฑุฏุ','ุจููุ ุฏุฑ ุงุณุชูฺฉ ุฏูุงุฑ ุงููุงุน ุฏุฑู ูู ู ุฏุณุช ุฏูู ุจุฑุง ูุฑูุด ููุฌูุฏ ุงุณุช. ุดูุง ุจุงุฏ ููฺฏุงู ุฎุฑุฏ ุฏุฑู ุจู ูฺฉุงุช ูุงููุฏ ููุน ุฏุฑู (ุฏุฑู ุณุงุฏูุ ฺฺฉุดุ ุดุงุฑฺ ุง ุจุฑู)ุ ูุฏุฑุช ููุชูุฑุ ุจุฑูุฏ ู ูุถุนุช ูู ุฏุณุชฺฏุงู ุชูุฌู ฺฉูุฏ ุชุง ุงูุชุฎุงุจ ุจูุชุฑ ุฏุงุดุชู ุจุงุดุฏ. ุงฺฏุฑ ุจู ุฏูุจุงู ูุฏู ุฎุงุต ูุณุชุฏ ุง ูุงุฒ ุจู ุฑุงูููุง ุจุดุชุฑ ุฏุงุฑุฏ ูุทูุงู ุชูุถุญ ุจุดุชุฑ ุจุฏูุฏ.\n\nููฺูู ูโุชูุงูุฏ ููู ูุญุตููุงุช ูุฑุจูุท ุจู ุฏุฑู ุฑุง ุฏุฑ ุงู ุตูุญู ุจุจูุฏ:\n<a href=\"https://stockdivar.ir/?search=drill\" target=\"_blank\">ูุญุตููุงุช ุฏุฑู ุฏุฑ ุงุณุชูฺฉ ุฏูุงุฑ</a>','2025-06-08 14:08:41','59,57,56'),(56,2,'ุฏุฑูุฏุ ูุชูู ูู ุณูฺฏ ุงุฒ ุจุฑูุฏ ูุง ูุฎุชูู ุชูู ุณุงุช ุจูู ูุนุฑู ฺฉูุ','ุฏุฑูุฏ ุจุฑ ุดูุง! ูู ุณูฺฏ ุง ููุงู ูู ูุฑุฒ ฺฉ ุงุฒ ุงุจุฒุงุฑูุง ูพุฑฺฉุงุฑุจุฑุฏ ุจุฑุง ุจุฑุด ู ุณุงุด ุฏุฑ ฺฉุงุฑฺฏุงูโูุง ู ูุตุงุฑู ุฎุงูฺฏ ุงุณุช. ููฺฏุงู ุงูุชุฎุงุจ ูู ุณูฺฏุ ุจูุชุฑ ุงุณุช ุจู ููุงุฑุฏ ูุซู ูุฏุฑุช ููุชูุฑุ ูุทุฑ ุตูุญูุ ูุฒู ุฏุณุชฺฏุงูุ ู ุงูฺฉุงูุงุช ุงูู (ูุซู ููู ุงุณูพูุฏู ู ูุญุงูุธ ุตูุญู) ุชูุฌู ฺฉูุฏ.\n\nุฏุฑ ุงุณุชูฺฉ ุฏูุงุฑุ ูโุชูุงูุฏ ูู ุณูฺฏ ุงุฒ ุจุฑูุฏูุง ูุฎุชูู ุฑุง ูุดุงูุฏู ู ููุงุณู ฺฉูุฏ. ุจุฑุง ุฏุฏู ูุญุตููุงุช ูุฑุชุจุท ฺฉุงูุณุช ุงุฒ ููฺฉ ุฒุฑ ุงุณุชูุงุฏู ฺฉูุฏ:\n\n<a href=\"https://stockdivar.ir/?search=mini%20grinder\" target=\"_blank\">ูุญุตููุงุช ูู ุณูฺฏ ุฏุฑ ุงุณุชูฺฉ ุฏูุงุฑ</a>','2025-06-09 05:26:00','67,61,62'),(57,2,'ุฏุฑูุฏุ ูุชูู ูู ุณูฺฏ ุงุฒ ุจุฑูุฏ ูุง ูุฎุชูู ุชูู ุณุงุช ุจูู ูุนุฑู ฺฉูุ','ุณูุงู ู ููุช ุจุฎุฑ! ูู ุณูฺฏ ุง ูุฑุฒ ููุงุชูุฑ ฺฉ ุงุฒ ุงุจุฒุงุฑูุง ูพุฑฺฉุงุฑุจุฑุฏ ุจุฑุง ุจุฑุด ู ูพุฑุฏุงุฎุช ุงุณุช ู ุจุฑูุฏูุง ูุฎุชูู ูุซู ุจูุดุ ุฏูุงูุชุ ูุงฺฉุชุงุ ุฑููฺฉุณ ู... ุงู ุงุจุฒุงุฑ ุฑุง ุชููุฏ ูโฺฉููุฏ. ููฺฏุงู ุฎุฑุฏ ูู ุณูฺฏ ุจู ููุงุฑุฏ ูุซู ูุฏุฑุช ููุชูุฑุ ุณุฑุนุช ฺุฑุฎุดุ ูุฒู ุฏุณุชฺฏุงูุ ูุงุจูุช ุชูุธู ุณุฑุนุช ู ูุฌูุฏ ููุงุฒู ุฌุงูุจ ุชูุฌู ุฏุงุดุชู ุจุงุดุฏ.\n\nุจุฑุง ูุดุงูุฏู ูู ุณูฺฏโูุง ููุฌูุฏ ุงุฒ ุจุฑูุฏูุง ูุฎุชูู ูโุชูุงูุฏ ุงุฒ ุงู ููฺฉ ุงุณุชูุงุฏู ฺฉูุฏ:\n<a href=\"https://stockdivar.ir/?search=mini%20grinder\" target=\"_blank\">ูุญุตููุงุช ูู ุณูฺฏ ุฏุฑ ุงุณุชูฺฉ ุฏูุงุฑ</a>','2025-06-09 05:28:04','67,61,62'),(58,2,'ููฺฉ ูุง ุฏุงูููุฏ ุงูพูฺฉุดู ุงุณุชูฺฉ ุฏูุงุฑ ุฑู ุจุฏู ุจูู','ุญุชูุงู! ุดูุง ูโุชูุงูุฏ ุงูพูฺฉุดู ุงุณุชูฺฉ ุฏูุงุฑ ุฑุง ุงุฒ ุทุฑู ููฺฉโูุง ุฒุฑ ุฏุฑุงูุช ฺฉูุฏ:\n\n<a href=\'https://cafebazaar.ir/app/com.example.stockdivarapp\' target=\'_blank\'>ุฏุงูููุฏ ุงุฒ ฺฉุงูู ุจุงุฒุงุฑ</a> ู <a href=\'https://stockdivar.ir/ionicApp-server/app-release-final.apk\' target=\'_blank\'>ุฏุงูููุฏ ูุณุชูู</a>','2025-06-09 05:34:29','57,58,62'),(59,2,'ูุญุตูู ูู ุณูฺฏ ูุงฺฉุชุง ุฏุงุฑุฏุ ุงฺฏุฑ ุฏุงุฑุฏ ููฺฉ ูุณุชูู ูุญุตูู ุฑู ุจูุฑุณุช','ุจููุ ุงฺฏุฑ ููุธูุฑ ุดูุง ูู ุณูฺฏ ูุงฺฉุชุง (ูู ูุฑุฒ Makita) ุงุณุชุ ูโุชูุงูุฏ <a href=\"https://stockdivar.ir/product/12345\" target=\"_blank\">ูู ุณูฺฏ ูุงฺฉุชุง</a> ุฑุง ุงูุฌุง ุจุจูุฏ.  \nุฏุฑ ุตูุฑุช ฺฉู ูุฏู ุฎุงุต ูุฏูุธุฑุชุงู ุงุณุช ูุทูุงู ูุงู ูุฏู ุฑุง ูู ุฐฺฉุฑ ฺฉูุฏ ุชุง ุจูุชุฑ ุฑุงูููุง ฺฉูู.','2025-06-09 05:38:26','81,72,79'),(60,21,'ุฏุฑู ุดุงุฑฺ ูุนุฑู ฺฉู','ุญุชูุงู! ุจุฑุง ุงูุชุฎุงุจ ฺฉ ุฏุฑู ุดุงุฑฺ ููุงุณุจุ ุจู ฺูุฏ ูฺฉุชู ููู ุชูุฌู ฺฉูุฏ:\n\n1. **ููุชุงฺ ู ูุฏุฑุช ุจุงุชุฑ:** ูุฑฺู ููุชุงฺ ุจุงูุงุชุฑ ุจุงุดุฏุ ูุฏุฑุช ุจุดุชุฑ ุฎูุงูุฏ ุฏุงุดุช. ุจุฑุง ฺฉุงุฑูุง ุณุจฺฉ ุฎุงูฺฏ ูุนูููุงู ููุชุงฺ ฑฒ ุง ฑด ููุช ฺฉุงู ุงุณุชุ ุงูุง ุจุฑุง ฺฉุงุฑูุง ุณูฺฏูโุชุฑุ ูุฏูโูุง ฑธ ููุช ูพุดููุงุฏ ูโุดููุฏ.\n2. **ุธุฑูุช ุจุงุชุฑ:** ุธุฑูุช ุจุงุชุฑ ุจุง ุขููพุฑ-ุณุงุนุช (Ah) ุณูุฌุฏู ูโุดูุฏ. ุจุงุชุฑ ุจุง ุธุฑูุช ุจุงูุงุชุฑ ูุฏุช ุฒูุงู ุจุดุชุฑ ฺฉุงุฑ ูโฺฉูุฏ.\n3. **ูุฒู ู ุทุฑุงุญ ุงุฑฺฏููููฺฉ:** ุงฺฏุฑ ุงุณุชูุงุฏู ุทููุงู ูุฏุช ุฏุงุฑุฏุ ูุฏูโูุง ุณุจฺฉโุชุฑ ู ุฎูุดโุฏุณุช ฺฏุฒูู ุจูุชุฑ ูุณุชูุฏ.\n4. **ูุงุจูุช ุชูุธู ุณุฑุนุช ู ฺฏุดุชุงูุฑ:** ุงู ูฺฺฏ ุจุงุนุซ ูโุดูุฏ ุจุชูุงูุฏ ูพฺโูุง ุฑุง ุฑุงุญุชโุชุฑ ุจุจูุฏุฏ ุง ุฏุฑ ููุงุฏ ูุฎุชูู ุณูุฑุงุฎฺฉุงุฑ ฺฉูุฏ.\n5. **ุงูฺฉุงูุงุช ุฌุงูุจ:** ุจุฑุฎ ูุฏูโูุง ฺุฑุงุบ LEDุ ฺฉู ุญููุ ุจุงุชุฑ ุงุถุงูู ุง ุณุฑโูุง ูุฎุชูู ุฏุงุฑูุฏ.\n\nุงฺฏุฑ ุจุฑูุฏ ุฎุงุต ูุฏูุธุฑุชุงู ุงุณุช ุง ฺฉุงุฑุจุฑุฏ ุฎุงุต ูโุฎูุงูุฏ (ูุซูุงู ุจุฑุง ฺฉุงุฑูุง ุณูฺฏู ุง ุฎุงูฺฏ)ุ ูุทูุงู ุชูุถุญ ุฏูุฏ ุชุง ุจูุชุฑ ุฑุงูููุง ฺฉูู.\n\nุฏุฑ ุตูุฑุช ุชูุงู ูโุชูุงูุฏ ูุญุตููุงุช ูุฑุชุจุท ุฑุง ุงูุฌุง ุจุจูุฏ:\n<a href=\"https://stockdivar.ir/?search=cordless%20drill\" target=\"_blank\">ูุญุตููุงุช ุฏุฑู ุดุงุฑฺ ุฏุฑ ุงุณุชูฺฉ ุฏูุงุฑ</a>','2025-06-09 18:26:18','60,62,68'),(61,18,'ุณูุงู ุขูุง ุนุฑูุงู ุณุฏ ูุณุชุดุ','ุณูุงู! ูู ุฏุณุชุงุฑ ุงุณุชูฺฉ ุฏูุงุฑ ูุณุชู ู ููุท ูโุชููู ุฏุฑ ุฒููู ุฎุฑุฏ ู ูุฑูุด ุงุจุฒุงุฑุขูุงุช ูู ู ุฏุณุช ุฏูู ุจู ุดูุง ฺฉูฺฉ ฺฉูู. ุงฺฏุฑ ุณูุงู ุฏุฑุจุงุฑู ุงุจุฒุงุฑ ุง ุฎุฑุฏ ู ูุฑูุด ุงููโูุง ุฏุงุฑุฏุ ุฏุฑ ุฎุฏูุชู.','2025-06-09 22:25:44',NULL),(62,18,'ุฏุฑู ุจุชู ฺฉู ุฏุงุฑุฏุ','ุจููุ ุฏุฑ ุงุณุชูฺฉ ุฏูุงุฑ ุงููุงุน ุฏุฑู ุจุชู ฺฉู ูู ู ุฏุณุช ุฏูู ููุฌูุฏ ุงุณุช. ููฺฏุงู ุงูุชุฎุงุจ ุฏุฑู ุจุชู ฺฉูุ ุจู ุชูุงู ููุชูุฑุ ููุน ูุชู ูุงุจู ุงุณุชูุงุฏูุ ูุงุจูุช ฺฺฉุดุ ูุฒู ุฏุณุชฺฏุงู ู ููุงุฒู ุฌุงูุจ ููุฌูุฏ ุฏูุช ฺฉูุฏ. ุงู ุงุจุฒุงุฑูุง ุจุฑุง ุณูุฑุงุฎโฺฉุงุฑ ู ุชุฎุฑุจ ุจุชู ู ูุตุงูุญ ุณุฎุช ููุงุณุจโุงูุฏ ู ูุนูููุง ุฏุฑ ูุฏูโูุง SDS-Plus ู SDS-Max ุนุฑุถู ูโุดููุฏ. ุงฺฏุฑ ุจู ุฏูุจุงู ูุฏู ุง ุจุฑูุฏ ุฎุงุต ูุณุชุฏุ ูุทูุง ูุงู ุขู ุฑุง ุจููุณุฏ ุชุง ุฏููโุชุฑ ุฑุงูููุงโุชุงู ฺฉูู.\n\nุจุฑุง ูุดุงูุฏู ูุญุตููุงุช ูุฑุชุจุท ูโุชูุงูุฏ ุจู ุงู ููฺฉ ูุฑุงุฌุนู ฺฉูุฏ:\n<a href=\"https://stockdivar.ir/?search=betonkan\" target=\"_blank\">ูุญุตููุงุช ุฏุฑู ุจุชู ฺฉู ุฏุฑ ุงุณุชูฺฉ ุฏูุงุฑ</a>','2025-06-09 22:26:07','68,57,59'),(63,18,'ูุจุงุณุดู ุฏุงุฑุ','ุฏุฑ ุงุณุชูฺฉ ุฏูุงุฑ ููุท ุงุจุฒุงุฑุขูุงุช ูู ู ุฏุณุช ุฏูู ุฎุฑุฏ ู ูุฑูุด ูโุดูุฏ ู ูุชุงุณูุงูู ููุงุฒู ุฎุงูฺฏ ูุงููุฏ ูุงุดู ูุจุงุณุดู ุฏุฑ ุฏุณุชูโุจูุฏ ูุญุตููุงุช ูุง ูุฑุงุฑ ููโฺฏุฑุฏ. ุงฺฏุฑ ุณูุงู ุฏุฑุจุงุฑู ุฎุฑุฏ ุง ูุฑูุด ุงุจุฒุงุฑุขูุงุช ุฏุงุฑุฏุ ุฎูุดุญุงู ูโุดูู ุฑุงูููุงโุชุงู ฺฉูู.','2025-06-09 22:26:50',NULL),(64,18,'ุงูุจุฑ ุฏุณุช ุฏุงุฑ','ุจููุ ุฏุฑ ุงุณุชูฺฉ ุฏูุงุฑ ุงููุงุน ุงูุจุฑุฏุณุช ูู ู ุฏุณุช ุฏูู ููุฌูุฏ ุงุณุช. ุงูุจุฑุฏุณุช ฺฉ ุงุฒ ุงุจุฒุงุฑูุง ูพุฑฺฉุงุฑุจุฑุฏ ุจุฑุง ฺฏุฑูุชูุ ุฎู ฺฉุฑุฏู ู ุจุฑุฏู ุณู ู ูุทุนุงุช ฺฉูฺฺฉ ุงุณุช ู ุฏุฑ ุฎุงูู ู ฺฉุงุฑฺฏุงู ุจุณุงุฑ ฺฉุงุฑุจุฑุฏ ูุญุณูุจ ูโุดูุฏ. ุงฺฏุฑ ุจู ุฏูุจุงู ูุฏู ุง ุจุฑูุฏ ุฎุงุต ูุณุชุฏุ ูุทูุงู ูุดุฎุต ฺฉูุฏ ุชุง ุจูุชุฑ ุฑุงูููุงโุชุงู ฺฉูู.\n\nุจุฑุง ูุดุงูุฏู ุชูุงู ุงูุจุฑุฏุณุชโูุง ูโุชูุงูุฏ ุงุฒ ุงู ููฺฉ ุงุณุชูุงุฏู ฺฉูุฏ:\n\n<a href=\"https://stockdivar.ir/?search=ุงูุจุฑุฏุณุช\" target=\"_blank\">ูุญุตููุงุช ุงูุจุฑุฏุณุช ุฏุฑ ุงุณุชูฺฉ ุฏูุงุฑ</a>','2025-06-09 22:27:10','62,67'),(65,2,'ุฏุฑู ุดุงุฑฺ ูุนุฑู ฺฉู','ุญุชูุงูุ ุฏุฑู ุดุงุฑฺ ฺฉ ุงุฒ ูพุฑฺฉุงุฑุจุฑุฏุชุฑู ุงุจุฒุงุฑูุง ุจุฑุง ูุตุงุฑู ุฎุงูฺฏ ู ุตูุนุช ุงุณุช. ููฺฏุงู ุงูุชุฎุงุจ ุฏุฑู ุดุงุฑฺ ุจุงุฏ ุจู ฺูุฏ ูฺฉุชู ุชูุฌู ฺฉูุฏ:\n\n1. **ููุชุงฺ ุจุงุชุฑ:** ูุนูููุงู ุฏุฑูโูุง ุดุงุฑฺ ุจุง ููุชุงฺูุง ฑฒุ ฑด.ด ู ฑธ ููุช ุนุฑุถู ูโุดููุฏ. ููุชุงฺ ุจุงูุงุชุฑ ูุนูููุงู ูุฏุฑุช ุจุดุชุฑ ูุฑุงูู ูโฺฉูุฏ.\n2. **ุธุฑูุช ุจุงุชุฑ:** ุธุฑูุช ุจุงุชุฑ (ุจุฑ ุญุณุจ ุขููพุฑ ุณุงุนุช โ Ah) ูุฑฺู ุจุดุชุฑ ุจุงุดุฏุ ูุฏุช ุฒูุงู ุจุดุชุฑ ูโุชูุงูุฏ ุจุง ุฏุณุชฺฏุงู ฺฉุงุฑ ฺฉูุฏ.\n3. **ูุงุจูุช ฺฉูุชุฑู ุณุฑุนุช:** ุจุฑุฎ ูุฏูโูุง ูุงุจูุช ุชูุธู ุณุฑุนุช ุฏุงุฑูุฏ ฺฉู ุจุฑุง ฺฉุงุฑูุง ูุฎุชูู ููุงุณุจโุชุฑ ุงุณุช.\n4. **ูุฌูุฏ ฺฏุฑุจฺฉุณ ุฏู ุณุฑุนุชู:** ุจุฑุง ุงุณุชูุงุฏูโูุง ูุชููุน ู ฺฉูุชุฑู ุจูุชุฑ ุฑู ฺฉุงุฑ.\n5. **ูุฒู ู ุงุฑฺฏูููู:** ุงฺฏุฑ ูุฑุงุฑ ุงุณุช ูุฏุช ุทููุงู ุจุง ุฏุฑู ฺฉุงุฑ ฺฉูุฏุ ูุฒู ู ุทุฑุงุญ ุฏุณุชู ุงููุช ุฒุงุฏ ุฏุงุฑุฏ.\n6. **ููุงุฒู ุฌุงูุจ:** ุจุฑุฎ ุฏุฑูโูุง ุจุง ุจุงุชุฑ ุงุถุงููุ ุดุงุฑฺุฑ ุณุฑุนุ ฺฉู ุญูู ู ุณุฑโูุง ูุฎุชูู ุนุฑุถู ูโุดููุฏ.\n\nุงฺฏุฑ ุจุฑูุฏ ุฎุงุต ูุฏ ูุธุฑุชุงู ุงุณุช ุง ฺฉุงุฑุจุฑุฏ ูฺูโุง (ูุซูุงู ุจุฑุง ฺฉุงุฑูุง ุณูฺฏู ุง ุณุจฺฉ) ุฏุงุฑุฏุ ูุทูุงู ุชูุถุญ ุฏูุฏ ุชุง ุฏููโุชุฑ ุฑุงูููุง ฺฉูู.','2025-06-10 04:00:55','60,62,68'),(66,2,'ุณูุงู','ุณูุงู! ุจู ุงุณุชูฺฉ ุฏูุงุฑ ุฎูุด ุขูุฏุฏ. ูู ุขูุงุฏูโุงู ุชุง ุฏุฑ ุฒููู ุฎุฑุฏ ู ูุฑูุด ุงุจุฒุงุฑุขูุงุช ูู ู ุฏุณุช ุฏูู ุจู ุดูุง ฺฉูฺฉ ฺฉูู. ุงฺฏุฑ ุณูุงู ุฏุฑุจุงุฑู ุงุจุฒุงุฑูุง ุฏุงุฑุฏุ ูุทูุงู ุจูพุฑุณุฏ.','2025-06-12 09:27:51',NULL),(67,2,'ุชูุงู ูุญุตููุงุช ุชูู ุงุตููุงู ุฑู ุจุฑุงู ูุดูู ุจุฏู','ุฏุฑ ุญุงู ุญุงุถุฑุ ุงูฺฉุงู ููุงุด ูุณุชูู ูุณุช ูุญุตููุงุช ุจุฑ ุงุณุงุณ ุดูุฑ (ูุซู ุงุตููุงู) ุจู ุตูุฑุช ุฌุฏุงฺฏุงูู ุฏุฑ ุงุณุชูฺฉ ุฏูุงุฑ ูุฌูุฏ ูุฏุงุฑุฏ. ุงูุง ูโุชูุงูุฏ ุจุง ุฌุณุชุฌู ูุงู ุดูุฑ \"ุงุตููุงู\" ุฏุฑ ุจุฎุด ุฌุณุชุฌู ุณุงุชุ ุงุจุฒุงุฑูุง ฺฉู ุฏุฑ ุชูุถุญุงุช ุง ุนููุงูุดุงู ุจู ุงุตููุงู ุงุดุงุฑู ุดุฏู ุฑุง ูุดุงูุฏู ฺฉูุฏ.\n\nุจุฑุง ูุดุงูุฏู ูุญุตููุงุช ูุฑุชุจุท ุจุง ุงุตููุงูุ ูโุชูุงูุฏ ุงุฒ ุงู ููฺฉ ุงุณุชูุงุฏู ฺฉูุฏ:  \n<a href=\"https://stockdivar.ir/?search=ุงุตููุงู\" target=\"_blank\">ูุญุตููุงุช ูุฑุชุจุท ุจุง ุงุตููุงู ุฏุฑ ุงุณุชูฺฉ ุฏูุงุฑ</a>','2025-06-26 09:28:44','58'),(68,2,'ุณูุงู','ูพุงุณุฎ ุงุฒ ุณุฑูุณ ฺุช ุจุง ุชุงุฎุฑ ููุงุฌู ุดุฏ.','2025-06-26 10:41:29',NULL),(69,2,'ุณูุงู','ูพุงุณุฎ ุงุฒ ุณุฑูุณ ฺุช ุจุง ุชุงุฎุฑ ููุงุฌู ุดุฏ.','2025-06-26 10:47:48',NULL),(70,2,'ุณูุงู','ูพุงุณุฎ ุงุฒ ุณุฑูุณ ฺุช ุจุง ุชุงุฎุฑ ููุงุฌู ุดุฏ. ูุทูุงู ฺฉู ุจุนุฏ ุฏูุจุงุฑู ุชูุงุด ฺฉูุฏ.','2025-06-26 10:48:26',NULL),(71,2,'ุณูุงู','ุณูุงู! ุฎูุด ุงููุฏุฏ ุจู ุงุณุชูฺฉ ุฏูุงุฑ. ฺุทูุฑ ูโุชููู ุฏุฑ ุฒููู ุฎุฑุฏ ู ูุฑูุด ุงุจุฒุงุฑุขูุงุช ูู ู ุฏุณุช ุฏูู ุจูุชูู ฺฉูฺฉ ฺฉููุ','2025-06-26 10:48:56',NULL),(72,2,'ุณูุงู','ุณูุงู! ุฎูุด ุขูุฏุฏ ุจู ุงุณุชูฺฉ ุฏูุงุฑ. ฺุทูุฑ ูโุชูุงูู ุฏุฑ ุฒููู ุฎุฑุฏ ุง ูุฑูุด ุงุจุฒุงุฑุขูุงุช ูู ู ุฏุณุช ุฏูู ุจู ุดูุง ฺฉูฺฉ ฺฉููุ','2025-06-26 10:50:08',NULL),(73,2,'ูุญุตููุงุช ุฏุฑู ุดุงุฑฺ ุชุง ุณูู ููุช 12 ูููู ุชููุงู ูุนุฑู ฺฉู ุจูู','ูุดฺฉู ุฏุฑ ุงุชุตุงู ุจู ุณุฑูุณ ฺุช.','2025-06-26 10:51:24','22,24,23'),(74,2,'ูุญุตููุงุช ุฏุฑู ุดุงุฑฺ ุชุง ุณูู ููุช 12 ูููู ุชููุงู ูุนุฑู ฺฉู ุจูู','ุฎุทุง ุฏุฑ ุจุฑูุฑุงุฑ ุงุฑุชุจุงุท ุจุง ุณุฑูุณ ฺุช. ูุทูุงู ุงุฒ ุงุชุตุงู ุงูุชุฑูุช ุฎูุฏ ูุทูุฆู ุดูุฏ.','2025-06-26 11:00:32','22,24,23'),(75,2,'ุณูุงู','ุฎุทุง ุฏุฑ ุจุฑูุฑุงุฑ ุงุฑุชุจุงุท ุจุง ุณุฑูุณ ฺุช. ูุทูุงู ุงุฒ ุงุชุตุงู ุงูุชุฑูุช ุฎูุฏ ูุทูุฆู ุดูุฏ.','2025-06-26 11:02:48',NULL),(76,2,'ุณูุงู','ูพุงุณุฎ ุงุฒ ุณุฑูุณ ฺุช ุจุง ุชุงุฎุฑ ููุงุฌู ุดุฏ. ูุทูุงู ฺฉู ุจุนุฏ ุฏูุจุงุฑู ุชูุงุด ฺฉูุฏ.','2025-06-26 11:03:31',NULL),(77,7,'ุณูุงู','ุณูุงู! ุฎูุด ุขูุฏุฏ ุจู ุงุณุชูฺฉ ุฏูุงุฑ. ฺุทูุฑ ูโุชููู ุฏุฑ ุฒููู ุฎุฑุฏ ู ูุฑูุด ุงุจุฒุงุฑุขูุงุช ูู ู ุฏุณุช ุฏูู ุจู ุดูุง ฺฉูฺฉ ฺฉููุ','2025-07-07 09:10:00',NULL),(78,7,'ฺุทูุฑ','ุณูุงู! ุฎูุดุญุงูู ฺฉู ุฏุฑ ุงุณุชูฺฉ ุฏูุงุฑ ูุณุชู ุชุง ุจู ุดูุง ฺฉูฺฉ ฺฉูู. ุงฺฏุฑ ุฏุฑ ุฒููู ุฎุฑุฏ ุง ูุฑูุด ุงุจุฒุงุฑุขูุงุช ูู ู ุฏุณุช ุฏูู ุณูุงู ุฏุงุฑุฏุ ุฏุฑ ุฎุฏูุช ุดูุง ูุณุชู. ูุทูุงู ุณูุงู ุฎูุฏ ุฏุฑุจุงุฑู ุงุจุฒุงุฑ ุง ุชุฌูุฒุงุช ููุฑุฏ ูุธุฑุชุงู ุฑุง ูุทุฑุญ ฺฉูุฏ ุชุง ุฑุงูููุงโุชุงู ฺฉูู.','2025-07-07 09:10:20',NULL),(79,7,'ุณูุงู','ุณูุงู ู ููุช ุจุฎุฑ! ุจู ุงุณุชูฺฉ ุฏูุงุฑ ุฎูุด ุงููุฏุฏ. ฺุทูุฑ ูโุชููู ุฏุฑ ุฒููู ุฎุฑุฏ ู ูุฑูุด ุงุจุฒุงุฑุขูุงุช ุจูุชูู ฺฉูฺฉ ฺฉููุ','2025-07-07 09:16:09',NULL),(80,7,'ู ูุงุดู ฺฉูฺฉ ฑดฐณ ูุฎูุงู','ูู ููุท ูโุชูุงูู ุฏุฑ ุฒููู ุฎุฑุฏ ู ูุฑูุด ุงุจุฒุงุฑุขูุงุช ูู ู ุฏุณุช ุฏูู ุฏุฑ ุงุณุชูฺฉ ุฏูุงุฑ ุจู ุดูุง ฺฉูฺฉ ฺฉูู. ุงฺฏุฑ ุจู ุฏูุจุงู ุงุจุฒุงุฑ ุง ุชุฌูุฒุงุช ุฎุงุต ูุณุชุฏุ ูุทูุงู ูุดุฎุต ฺฉูุฏ ุชุง ุฑุงูููุงโุชุงู ฺฉูู.','2025-07-07 09:17:42','55'),(81,20,'ุณูุงู ุฏูุจุงู ุฏุฑู ุดุงุฑฺ ูฺฏุฑุฏู','ฺฉ ุฎุทุง ูพุดโุจู ูุดุฏู ุฏุฑ ุณุฑูุณ ฺุช ุฑุฎ ุฏุงุฏ. ุฏุฑ ุญุงู ุจุฑุฑุณ ูุณุชู.','2025-07-15 07:23:10','60,62,72'),(82,20,'ุณูุงู ุฏูุจุงู ุฏุฑู ุดุงุฑฺ ูฺฏุฑุฏู','ุณูุงู! ุฏุฑ ุงูุชุฎุงุจ ุฏุฑู ุดุงุฑฺ ุจุงุฏ ุจู ฺูุฏ ูฺฉุชู ุชูุฌู ฺฉูุฏ:\n\n1. ููุชุงฺ ุจุงุชุฑ: ุฏุฑูโูุง ุดุงุฑฺ ูุนูููุงู ุจุง ููุชุงฺูุง ฑฒุ ฑด.ด ุง ฑธ ููุช ุนุฑุถู ูโุดููุฏ. ุจุฑุง ฺฉุงุฑูุง ุณุจฺฉ ุฎุงูฺฏ ููุชุงฺ ูพุงูโุชุฑ ฺฉุงู ุงุณุชุ ุงูุง ุจุฑุง ฺฉุงุฑูุง ุณูฺฏูโุชุฑ ุจูุชุฑ ุงุณุช ุณุฑุงุบ ููุชุงฺ ุจุงูุงุชุฑ ุจุฑูุฏ.\n2. ุธุฑูุช ุจุงุชุฑ: ุขููพุฑ ุณุงุนุช ุจุงูุงุชุฑ ุจู ูุนูุง ูุฏุช ุฒูุงู ฺฉุงุฑฺฉุฑุฏ ุจุดุชุฑ ุจุง ูุฑ ุจุงุฑ ุดุงุฑฺ ุงุณุช.\n3. ฺฏุดุชุงูุฑ (ุชูุฑฺฉ): ุงฺฏุฑ ูุงุฒ ุจู ุณูุฑุงุฎฺฉุงุฑ ุง ุจุณุชู ูพฺโูุง ุจุฒุฑฺฏ ุฏุงุฑุฏุ ฺฏุดุชุงูุฑ ุจุงูุงุชุฑ ููุงุณุจโุชุฑ ุงุณุช.\n4. ุจุฑูุฏ: ุจุฑูุฏูุง ูุนุชุจุฑ ูุนูููุงู ฺฉูุช ู ุฎุฏูุงุช ุจูุชุฑ ุงุฑุงุฆู ูโุฏููุฏ.\n5. ูุฒู ู ุทุฑุงุญ ุงุฑฺฏููููฺฉ: ุงฺฏุฑ ูุฑุงุฑ ุงุณุช ูุฏุช ุทููุงู ฺฉุงุฑ ฺฉูุฏุ ูุฒู ู ุฑุงุญุช ุฏุณุชฺฏุงู ุงููุช ุฒุงุฏ ุฏุงุฑุฏ.\n\nุจุฑุง ูุดุงูุฏู ุงููุงุน ุฏุฑู ุดุงุฑฺ ูโุชูุงูุฏ ุงุฒ ููฺฉ ุฒุฑ ุงุณุชูุงุฏู ฺฉูุฏ:\n<a href=\"https://stockdivar.ir/?search=drill%20cordless\" target=\"_blank\">ูุญุตููุงุช ุฏุฑู ุดุงุฑฺ ุฏุฑ ุงุณุชูฺฉ</a>','2025-07-15 07:27:22','60,62,72'),(83,20,'ุณูุงู ุฏูุจุงู ุฏุฑู ุดุงุฑฺ ูฺฏุฑุฏู','ุณูุงู! ุจุฑุง ุฎุฑุฏ ุฏุฑู ุดุงุฑฺุ ุจุงุฏ ุจู ููุงุฑุฏ ูุซู ูุฏุฑุช ุจุงุชุฑ (ููุช ู ุขููพุฑ)ุ ูุฒู ุฏุณุชฺฏุงูุ ูุงุจูุช ุชูุธู ุณุฑุนุชุ ุจุฑูุฏุ ู ููุงุฒู ุฌุงูุจ ููุฑุงู ุชูุฌู ฺฉูุฏ. ุงฺฏุฑ ุจุฑุง ูุตุงุฑู ุฎุงูฺฏ ูโุฎูุงูุฏุ ูุฏูโูุง ุณุจฺฉโุชุฑ ู ุจุงุชุฑ ุจุง ุธุฑูุช ูุชูุณุท ฺฉุงู ูุณุชูุฏ. ุจุฑุง ฺฉุงุฑูุง ุณูฺฏูโุชุฑ ุง ุญุฑููโุง ุจูุชุฑ ุงุณุช ุจู ุฏูุจุงู ูุฏูโูุง ุจุง ุจุงุชุฑ ููโุชุฑ ู ูุงุจูุชโูุง ุจุดุชุฑ ุจุงุดุฏ.\n\nุจุฑุง ูุดุงูุฏู ฺฏุฒููโูุง ูุฎุชูู ุฏุฑู ุดุงุฑฺ ุฏุฑ ุงุณุชูฺฉุ ูโุชูุงูุฏ ุงุฒ ููฺฉ ุฒุฑ ุงุณุชูุงุฏู ฺฉูุฏ:\n<a href=\"https://stockdivar.ir/?search=ุฏุฑู ุดุงุฑฺ\" target=\"_blank\">ูุญุตููุงุช ุฏุฑู ุดุงุฑฺ ุฏุฑ ุงุณุชูฺฉ</a>','2025-07-15 07:34:40','60,62,72'),(84,20,'ุณูุงู ุฏูุจุงู ุฏุฑู ุดุงุฑฺ ูฺฏุฑุฏู','ุณูุงู! ุจุฑุง ุฎุฑุฏ ุฏุฑู ุดุงุฑฺ ุจุงุฏ ุจู ฺูุฏ ูฺฉุชู ุชูุฌู ฺฉูุฏ: ุธุฑูุช ู ููุน ุจุงุชุฑ (ูุชูู ูู ูุนูููุง ูุฏุฑุช ู ุฏูุงู ุจูุชุฑ ุฏุงุฑุฏ)ุ ููุชุงฺ ุฏุณุชฺฏุงูุ ูุฒู ู ุงุฑฺฏููููุ ูุงุจูุช ุชูุธู ุณุฑุนุช ู ฺฏุดุชุงูุฑุ ู ุงูฺฉุงูุงุช ุฌุงูุจ ูุซู ฺฉู ุญูู ุง ููุงุฒู ููุฑุงู. ุงฺฏุฑ ุจุฑุง ูุตุงุฑู ุฎุงูฺฏ ุง ุตูุนุช ูุงุฒ ุฏุงุฑุฏุ ููุน ฺฉุงุฑุจุฑ ูู ููู ุงุณุช.\n\nุจุฑุง ูุดุงูุฏู ูุญุตููุงุช ูุฑุชุจุท ูโุชูุงูุฏ ุจู ููฺฉ ุฒุฑ ูุฑุงุฌุนู ฺฉูุฏ:\n\n<a href=\"https://stockdivar.ir/?search=ุฏุฑู ุดุงุฑฺ\" target=\"_blank\">ูุญุตููุงุช ุฏุฑู ุดุงุฑฺ ุฏุฑ ุงุณุชูฺฉ</a>','2025-07-15 07:39:46','60,62,72'),(85,20,'ุณูุงู ุฏูุจุงู ุฏุฑู ุดุงุฑฺ ูฺฏุฑุฏู','ุณูุงู! ุจุฑุง ุฎุฑุฏ ุฏุฑู ุดุงุฑฺุ ุจุงุฏ ุจู ฺูุฏ ูฺฉุชู ุชูุฌู ฺฉูุฏ:\n\n1. ุธุฑูุช ุจุงุชุฑ: ูุฑฺู ุขููพุฑ-ุณุงุนุช (Ah) ุจุงูุงุชุฑ ุจุงุดุฏุ ูุฏุช ุฒูุงู ุจุดุชุฑ ูโุชูุงูุฏ ุจุง ุฏุณุชฺฏุงู ฺฉุงุฑ ฺฉูุฏ.\n2. ููุชุงฺ: ููุชุงฺ ุจุงูุงุชุฑ ูุนูููุงู ูุฏุฑุช ุจุดุชุฑ ุจู ุดูุง ูโุฏูุฏ (ูุซูุงู 12 ููุชุ 18 ููุช ู...).\n3. ูุงุจูุช ุชูุธู ุณุฑุนุช ู ฺฏุดุชุงูุฑ: ุงู ูุงุจูุช ุจุฑุง ฺฉุงุฑูุง ูุฎุชูู ุจุณุงุฑ ููู ุงุณุช.\n4. ุจุฑูุฏ ู ฺฉูุช ุณุงุฎุช: ุจุฑูุฏูุง ูุนุชุจุฑ ูุนูููุงู ุฏูุงู ู ุฎุฏูุงุช ุจูุชุฑ ุฏุงุฑูุฏ.\n5. ูุฒู ู ุทุฑุงุญ ุงุฑฺฏููููฺฉ: ุงฺฏุฑ ูุฑุงุฑ ุงุณุช ูุฏุช ุทููุงู ุจุง ุฏุณุชฺฏุงู ฺฉุงุฑ ฺฉูุฏุ ูุฒู ู ุฑุงุญุช ุฏุณุชฺฏุงู ุงููุช ุฏุงุฑุฏ.\n\nุจุฑุง ูุดุงูุฏู ูุญุตููุงุช ูุฑุชุจุทุ ูโุชูุงูุฏ ุจู ููฺฉ ุฒุฑ ูุฑุงุฌุนู ฺฉูุฏ:\n<a href=\"https://stockdivar.ir/?search=ุฏุฑู ุดุงุฑฺ\" target=\"_blank\">ูุญุตููุงุช ุฏุฑู ุดุงุฑฺ ุฏุฑ ุงุณุชูฺฉ</a>','2025-07-15 07:41:20','60,62,72'),(86,20,'ุณูุงู ุฏูุจุงู ุฏุฑู ุดุงุฑฺ ูฺฏุฑุฏู','ุฎุทุง ุฏุฑ ูุฑุงุฎูุงู ุงุจุฒุงุฑ ุฌุณุชุฌู ูุญุตูู: (pymysql.err.OperationalError) (1241, \'Operand should contain 1 column(s)\')\n[SQL: SELECT product.id AS product_id, product.name AS product_name, product.description AS product_description, product.price AS product_price, product.category_id AS product_category_id, product.image_path AS product_image_path, product.created_at AS product_created_at, product.updated_at AS product_updated_at, product.promoted_until AS product_promoted_until, product.user_id AS product_user_id, product.is_promoted AS product_is_promoted, product.address AS product_address, product.postal_code AS product_postal_code, product.product_type AS product_product_type, product.views AS product_views, product.status AS product_status, product.expires_at AS product_expires_at, product.brand AS product_brand, %(param_1)s + CASE WHEN (lower(product.name) LIKE lower(%(name_1)s)) THEN %(param_2)s ELSE %(param_3)s END + CASE WHEN (lower(product.name) LIKE lower(%(name_2)s)) THEN %(param_4)s ELSE %(param_5)s END + CASE WHEN (lower(product.brand) LIKE lower(%(brand_1)s)) THEN %(param_6)s ELSE %(param_7)s END + CASE WHEN (lower(product.brand) LIKE lower(%(brand_2)s)) THEN %(param_8)s ELSE %(param_9)s END + CASE WHEN (lower(product.description) LIKE lower(%(description_1)s)) THEN %(param_10)s ELSE %(param_11)s END + CASE WHEN (lower(product.name) LIKE lower(%(name_3)s)) THEN %(param_12)s ELSE %(param_13)s END + CASE WHEN (lower(product.name) LIKE lower(%(name_4)s)) THEN %(param_14)s ELSE %(param_15)s END + CASE WHEN (lower(product.brand) LIKE lower(%(brand_3)s)) THEN %(param_16)s ELSE %(param_17)s END + CASE WHEN (lower(product.brand) LIKE lower(%(brand_4)s)) THEN %(param_18)s ELSE %(param_19)s END + CASE WHEN (lower(product.description) LIKE lower(%(description_2)s)) THEN %(param_20)s ELSE %(param_21)s END AS relevance_score \nFROM product \nWHERE product.status = %(status_1)s AND (lower(product.name) LIKE lower(%(name_5)s) OR lower(product.description) LIKE lower(%(description_3)s) OR lower(product.brand) LIKE lower(%(brand_5)s) OR lower(product.address) LIKE lower(%(address_1)s)) AND (lower(product.name) LIKE lower(%(name_6)s) OR lower(product.description) LIKE lower(%(description_4)s) OR lower(product.brand) LIKE lower(%(brand_6)s) OR lower(product.address) LIKE lower(%(address_2)s)) \nHAVING sum(%(sum_1)s) >= %(sum_2)s ORDER BY relevance_score DESC, product.views DESC, product.created_at DESC \n LIMIT %(param_22)s]\n[parameters: {\'param_1\': 0, \'name_1\': \'ุฏุฑู\', \'param_2\': 20, \'param_3\': 0, \'name_2\': \'%ุฏุฑู%\', \'param_4\': 10, \'param_5\': 0, \'brand_1\': \'ุฏุฑู\', \'param_6\': 8, \'param_7\': 0, \'brand_2\': \'%ุฏุฑู%\', \'param_8\': 3, \'param_9\': 0, \'description_1\': \'%ุฏุฑู%\', \'param_10\': 1, \'param_11\': 0, \'name_3\': \'ุดุงุฑฺ\', \'param_12\': 20, \'param_13\': 0, \'name_4\': \'%ุดุงุฑฺ%\', \'param_14\': 10, \'param_15\': 0, \'brand_3\': \'ุดุงุฑฺ\', \'param_16\': 8, \'param_17\': 0, \'brand_4\': \'%ุดุงุฑฺ%\', \'param_18\': 3, \'param_19\': 0, \'description_2\': \'%ุดุงุฑฺ%\', \'param_20\': 1, \'param_21\': 0, \'status_1\': \'published\', \'name_5\': \'%ุฏุฑู%\', \'description_3\': \'%ุฏุฑู%\', \'brand_5\': \'%ุฏุฑู%\', \'address_1\': \'%ุฏุฑู%\', \'name_6\': \'%ุดุงุฑฺ%\', \'description_4\': \'%ุดุงุฑฺ%\', \'brand_6\': \'%ุดุงุฑฺ%\', \'address_2\': \'%ุดุงุฑฺ%\', \'sum_1\': [<sqlalchemy.sql.elements.Case object at 0x7fbbab6012d0>, <sqlalchemy.sql.elements.Case object at 0x7fbbab6031c0>, <sqlalchemy.sql.elements.Case objec ... (270 characters truncated) ... ents.Case object at 0x7fbbab6028c0>, <sqlalchemy.sql.elements.Case object at 0x7fbbab602740>, <sqlalchemy.sql.elements.Case object at 0x7fbbab6025c0>], \'sum_2\': 5, \'param_22\': 10}]\n(Background on this error at: https://sqlalche.me/e/20/e3q8)','2025-07-15 07:49:15',NULL),(87,20,'ุณูุงู ุฏูุจุงู ุฏุฑู ุดุงุฑฺ ูฺฏุฑุฏู','ุดูุง ุจู ุฏูุจุงู ุฏุฑู ุดุงุฑฺ ูุณุชุฏ. ฺูุฏ ูุฏู ูุฎุชูู ุฏุฑู ุดุงุฑฺ ุฏุฑ ุงุณุชูฺฉ ููุฌูุฏ ุงุณุช ฺฉู ูโุชูุงูุฏ ุจุฑ ุงุณุงุณ ุจูุฏุฌู ู ูุงุฒ ุฎูุฏ ุงูุชุฎุงุจ ฺฉูุฏ. ุจุฑุง ูุดุงูุฏู ุฌุฒุฆุงุช ูุฑ ูุญุตูู ู ููุงุณู ููุชโูุง ูโุชูุงูุฏ ููููู ุฒุฑ ุฑุง ุจุฑุฑุณ ฺฉูุฏ:\n\nูโุชูุงูุฏ <a href=\"https://stockdivar.ir/product/59\" target=\"_blank\">ุฏุฑู ุดุงุฑฺ</a> ุฑุง ุงูุฌุง ุจุจูุฏ.\n\nููฺูู ุงฺฏุฑ ุจู ูุฏูโูุง ุจุดุชุฑ ูุงุฒ ุฏุงุฑุฏุ ูพุดููุงุฏ ูโฺฉูู ุจู ุตูุญู ุฌุณุชุฌู ุฏุฑู ุดุงุฑฺ ุฏุฑ ุงุณุชูฺฉ ุณุฑ ุจุฒูุฏ:\n<a href=\"https://stockdivar.ir/?search=ุฏุฑู ุดุงุฑฺ\" target=\"_blank\">ูุญุตููุงุช ุฏุฑู ุดุงุฑฺ ุฏุฑ ุงุณุชูฺฉ</a>\n\n[SEARCH_KEYWORDS: ุฏุฑู ุดุงุฑฺ]','2025-07-15 07:52:30','59,25,24,23,22,57,56,68'),(88,20,'ุฏุฑู ุงุฒ ุฑูุฌ ููุช 8 ูููู ุชููุงู ุชุง 12 ูููู ุชููุงู ูุฎูุงู','ุฏุฑ ุจุงุฒู ููุช 8 ุชุง 12 ูููู ุชููุงูุ ฺูุฏ ูุฏู ุฏุฑู ุดุงุฑฺ ุฏุฑ ุงุณุชูฺฉ ููุฌูุฏ ุงุณุช ฺฉู ูโุชูุงูุฏ ุจุณุชู ุจู ูุงุฒ ุฎูุฏ ฺฉ ุงุฒ ุขูโูุง ุฑุง ุงูุชุฎุงุจ ฺฉูุฏ:\n\n1. ูโุชูุงูุฏ ุฏุฑู ุดุงุฑฺ ุจุง ููุช 12,000,000 ุชููุงู ุฑุง ุงูุฌุง ุจุจูุฏ: <a href=\"https://stockdivar.ir/product/59\" target=\"_blank\">ุฏุฑู ุดุงุฑฺ</a>\n2. ูโุชูุงูุฏ ุฏุฑู ุดุงุฑฺ ุจุง ููุช 9,300,000 ุชููุงู ุฑุง ุงูุฌุง ุจุจูุฏ: <a href=\"https://stockdivar.ir/product/22\" target=\"_blank\">ุฏุฑู ุดุงุฑฺ</a>\n3. ูโุชูุงูุฏ ุฏุฑู ุดุงุฑฺ ุจุง ููุช 8,000,000 ุชููุงู ุฑุง ุงูุฌุง ุจุจูุฏ: <a href=\"https://stockdivar.ir/product/57\" target=\"_blank\">ุฏุฑู ุดุงุฑฺ</a>\n\nุงฺฏุฑ ูุฏู ุง ูฺฺฏ ุฎุงุต ูุฏ ูุธุฑ ุฏุงุฑุฏ (ูุงููุฏ ุจุฑูุฏุ ููุชุงฺ ุง ููุงุฒู ุฌุงูุจ)ุ ูุทูุง ุฏููโุชุฑ ุจูุฑูุงุฏ ุชุง ุจูุชุฑ ุฑุงูููุง ฺฉูู.\n\n[SEARCH_KEYWORDS: ุฏุฑู]','2025-07-15 07:53:58','59,22,57'),(89,20,'ุจุดุชุฑ  ุจุฑุง ฺฉุงุฑูุง ุนููู ุณูุฑุงุฎฺฉุงุฑ ูุฎูุงู ฺฉุฏููุด ุจูุชุฑูุ','ุจุฑุง ฺฉุงุฑูุง ุนููู ุณูุฑุงุฎฺฉุงุฑุ ูุนูููุงู ฺฉ ุฏุฑู ุณุงุฏู ู ุจุงฺฉูุช ฺฏุฒูู ููุงุณุจ ุงุณุช. ููฺฏุงู ุงูุชุฎุงุจ ุฏุฑู ุจุฑุง ุงุณุชูุงุฏู ุนูููุ ุจู ุงู ูฺฉุงุช ุชูุฌู ฺฉูุฏ:\n\nฑ. ุชูุงู ููุชูุฑ: ุจุฑุง ฺฉุงุฑูุง ุฎุงูฺฏ ู ุนูููุ ุฏุฑูโูุง ุจุง ุชูุงู ุญุฏูุฏ ตฐฐ ุชุง ทฐฐ ูุงุช ฺฉุงู ูุณุชูุฏ. ุงฺฏุฑ ูุตุฏ ุณูุฑุงุฎฺฉุงุฑ ุฏุฑ ุจุชู ุง ุฏูุงุฑูุง ุณุฎุช ุฑุง ุฏุงุฑุฏุ ุชูุงู ุจุงูุงุชุฑ ุจูุชุฑ ุงุณุช.\n\nฒ. ูุงุจูุช ฺฺฉุด: ุงฺฏุฑ ฺฏุงู ูุงุฒ ุจู ุณูุฑุงุฎฺฉุงุฑ ุฏุฑ ุฏูุงุฑ ุง ูุตุงูุญ ุณุฎุช ุฏุงุฑุฏุ ุฏุฑู ฺฺฉุด ุฑุง ุงูุชุฎุงุจ ฺฉูุฏ. ุงู ูุฏูโูุง ูู ุจุฑุง ฺูุจ ู ููุฒ ู ูู ุจุฑุง ูุตุงูุญ ุณุงุฎุชูุงู ููุงุณุจ ูุณุชูุฏ.\n\nณ. ููุน ุณู ูุธุงู: ุณู ูุธุงู ูุนููู ุจุฑุง ูุชูโูุง ุณุงุฏู ฺฉุงู ุงุณุชุ ุงูุง ุงฺฏุฑ ูโุฎูุงูุฏ ุณุฑุน ู ุฑุงุญุช ูุชู ุฑุง ุชุนูุถ ฺฉูุฏุ ุณู ูุธุงู ุงุชููุงุชฺฉ ุง ุขฺุงุฑุฎูุฑ ุฑุง ุฏุฑ ูุธุฑ ุจฺฏุฑุฏ.\n\nด. ูุฒู ู ุงุฑฺฏูููู: ูุฒู ููุงุณุจ ู ุฎูุดโุฏุณุช ุจูุฏู ุฏุฑู ุจุงุนุซ ูโุดูุฏ ุฏุฑ ุทููุงูโูุฏุช ฺฉูุชุฑ ุฎุณุชู ุดูุฏ.\n\nต. ููุจุน ุชุบุฐู: ุงฺฏุฑ ุขุฒุงุฏ ุญุฑฺฉุช ููู ุงุณุชุ ุฏุฑู ุดุงุฑฺ ุฑุง ุงูุชุฎุงุจ ฺฉูุฏ ุงูุง ุจุฑุง ูุฏุฑุช ุจุดุชุฑ ู ฺฉุงุฑ ูพูุณุชูุ ุฏุฑู ุจุฑู ฺฏุฒูู ุจูุชุฑ ุงุณุช.\n\nูพุดููุงุฏ ูโฺฉูู ุงุจุชุฏุง ูุงุฒ ุงุตู ุฎูุฏ (ูุซูุงู ุจุดุชุฑ ฺฉุงุฑ ุจุง ฺูุจุ ููุฒ ุง ุฏูุงุฑ) ุฑุง ูุดุฎุต ฺฉูุฏ ุชุง ุฑุงุญุชโุชุฑ ุจุชูุงูุฏ ุจู ุฏุฑู ุณุงุฏูุ ฺฺฉุด ุง ุดุงุฑฺ ุงูุชุฎุงุจ ุฏุงุดุชู ุจุงุดุฏ. ุงฺฏุฑ ุจุฑูุฏ ุฎุงุต ูุฏูุธุฑุชุงู ุงุณุช ุง ูฺฺฏ ุฎุงุต ูุฏ ูุธุฑ ุฏุงุฑุฏุ ูุทูุงู ุจูุฑูุงุฏ ุชุง ุฏููโุชุฑ ุฑุงูููุง ฺฉูู.','2025-07-15 07:56:15','68,57,59'),(90,20,'ู ุฏุฑู ุดุงุฑฺ ุฒุฑ 10 ูููู ุชููุงู ูุฎูุงู ฺฉู  ุจุฑุง ฺฉุงุฑูุง ุนููู ุณูุฑุงุฎฺฉุงุฑ ุจุงุดู ูุชูู ูุนุฑู ฺฉูุ','ุจุฑุง ฺฉุงุฑูุง ุนููู ุณูุฑุงุฎฺฉุงุฑุ ุฏุฑู ุดุงุฑฺ ฺฏุฒูู ุจุณุงุฑ ููุงุณุจ ุงุณุช ฺูู ูู ุญูู ุขุณุงู ุฏุงุฑุฏ ู ูู ูุงุฒ ุจู ุณู ุจุฑู ูุณุช. ููฺฏุงู ุงูุชุฎุงุจ ุฏุฑู ุดุงุฑฺ ุชูุฌู ฺฉูุฏ ฺฉู ุญุฏุงูู ุฏู ุจุงุชุฑ ููุฑุงู ุฏุงุดุชู ุจุงุดุฏ ุชุง ููฺฏุงู ฺฉุงุฑ ูููู ุงุฌุงุฏ ูุดูุฏ. ููฺูู ุธุฑูุช ุจุงุชุฑ (ุขููพุฑ ุณุงุนุช) ู ููุชุงฺ ุฏุณุชฺฏุงู ุฑุง ุจุฑุฑุณ ฺฉูุฏ ุชุง ุจุฑุง ฺฉุงุฑูุง ุนููู ูุฏุฑุช ฺฉุงู ุฏุงุดุชู ุจุงุดุฏ.\n\nุฏุฑ ูุญุฏูุฏู ููุช ุฒุฑ ฑฐ ูููู ุชููุงูุ ูููููโูุง ุฒุฑ ุฏุฑ ุงุณุชูฺฉ ููุฌูุฏ ูุณุชูุฏ:\n\n1. ูโุชูุงูุฏ <a href=\"https://stockdivar.ir/product/25\" target=\"_blank\">ุฏุฑู ุดุงุฑฺ</a> ุฑุง ุงูุฌุง ุจุจูุฏ.\n2. ูโุชูุงูุฏ <a href=\"https://stockdivar.ir/product/24\" target=\"_blank\">ุฏุฑู ุดุงุฑฺ</a> ุฑุง ุงูุฌุง ุจุจูุฏ.\n3. ูโุชูุงูุฏ <a href=\"https://stockdivar.ir/product/23\" target=\"_blank\">ุฏุฑู ุดุงุฑฺ</a> ุฑุง ุงูุฌุง ุจุจูุฏ.\n4. ูโุชูุงูุฏ <a href=\"https://stockdivar.ir/product/22\" target=\"_blank\">ุฏุฑู ุดุงุฑฺ</a> ุฑุง ุงูุฌุง ุจุจูุฏ.\n5. ูโุชูุงูุฏ <a href=\"https://stockdivar.ir/product/57\" target=\"_blank\">ุฏุฑู ุดุงุฑฺ</a> ุฑุง ุงูุฌุง ุจุจูุฏ.\n\nูุฑฺฉุฏุงู ุงุฒ ุงู ูุฏูโูุง ุจุฑุง ฺฉุงุฑูุง ุนููู ุฎุงูฺฏ ู ูููโุตูุนุช ููุงุณุจ ูุณุชูุฏ. ุงฺฏุฑ ูุงุฒ ุจู ุฑุงูููุง ุจุดุชุฑ ุง ููุงุณู ูุฏูโูุง ุฏุงุฑุฏุ ุฎูุดุญุงู ูโุดูู ฺฉูฺฉ ฺฉูู.\n\n[SEARCH_KEYWORDS: ุฏุฑู ุดุงุฑฺ]','2025-07-15 07:57:15','25,24,23,22,57');
/*!40000 ALTER TABLE `chat_bot_interaction` ENABLE KEYS */;
UNLOCK TABLES;

--
-- Table structure for table `conversation`
--

DROP TABLE IF EXISTS `conversation`;
/*!40101 SET @saved_cs_client     = @@character_set_client */;
/*!50503 SET character_set_client = utf8mb4 */;
CREATE TABLE `conversation` (
  `id` int NOT NULL AUTO_INCREMENT,
  `user1_id` int DEFAULT NULL,
  `user2_id` int DEFAULT NULL,
  PRIMARY KEY (`id`),
  KEY `user1_id` (`user1_id`),
  KEY `user2_id` (`user2_id`),
  CONSTRAINT `conversation_ibfk_1` FOREIGN KEY (`user1_id`) REFERENCES `user` (`id`),
  CONSTRAINT `conversation_ibfk_2` FOREIGN KEY (`user2_id`) REFERENCES `user` (`id`)
) ENGINE=InnoDB AUTO_INCREMENT=13 DEFAULT CHARSET=utf8mb4 COLLATE=utf8mb4_unicode_ci;
/*!40101 SET character_set_client = @saved_cs_client */;

--
-- Dumping data for table `conversation`
--

LOCK TABLES `conversation` WRITE;
/*!40000 ALTER TABLE `conversation` DISABLE KEYS */;
INSERT INTO `conversation` VALUES (1,1,9),(2,2,9),(3,7,9),(4,6,2),(5,2,20),(6,2,24),(7,17,2),(8,36,2),(9,39,24),(10,7,24),(11,7,2),(12,40,24);
/*!40000 ALTER TABLE `conversation` ENABLE KEYS */;
UNLOCK TABLES;

--
-- Table structure for table `job_applications`
--

DROP TABLE IF EXISTS `job_applications`;
/*!40101 SET @saved_cs_client     = @@character_set_client */;
/*!50503 SET character_set_client = utf8mb4 */;
CREATE TABLE `job_applications` (
  `job_listing_id` int NOT NULL,
  `job_profile_id` int NOT NULL,
  `application_date` datetime DEFAULT NULL,
  PRIMARY KEY (`job_listing_id`,`job_profile_id`),
  KEY `job_profile_id` (`job_profile_id`),
  CONSTRAINT `job_applications_ibfk_1` FOREIGN KEY (`job_listing_id`) REFERENCES `job_listing` (`id`),
  CONSTRAINT `job_applications_ibfk_2` FOREIGN KEY (`job_profile_id`) REFERENCES `job_profile` (`id`)
) ENGINE=InnoDB DEFAULT CHARSET=utf8mb4 COLLATE=utf8mb4_unicode_ci;
/*!40101 SET character_set_client = @saved_cs_client */;

--
-- Dumping data for table `job_applications`
--

LOCK TABLES `job_applications` WRITE;
/*!40000 ALTER TABLE `job_applications` DISABLE KEYS */;
/*!40000 ALTER TABLE `job_applications` ENABLE KEYS */;
UNLOCK TABLES;

--
-- Table structure for table `job_listing`
--

DROP TABLE IF EXISTS `job_listing`;
/*!40101 SET @saved_cs_client     = @@character_set_client */;
/*!50503 SET character_set_client = utf8mb4 */;
CREATE TABLE `job_listing` (
  `id` int NOT NULL AUTO_INCREMENT,
  `user_id` int NOT NULL,
  `title` varchar(120) COLLATE utf8mb4_unicode_ci NOT NULL,
  `description` text COLLATE utf8mb4_unicode_ci NOT NULL,
  `benefits` text COLLATE utf8mb4_unicode_ci,
  `cooperation_type` enum('FULL_TIME','PART_TIME','REMOTE','PROJECT','INTERNSHIP') COLLATE utf8mb4_unicode_ci NOT NULL,
  `salary_type` enum('MONTHLY','HOURLY','DAILY','COMMISSION','NEGOTIABLE') COLLATE utf8mb4_unicode_ci NOT NULL,
  `has_insurance` tinyint(1) DEFAULT NULL,
  `military_status_required` enum('NOT_APPLICABLE','COMPLETED','EXEMPT','PENDING') COLLATE utf8mb4_unicode_ci DEFAULT NULL,
  `is_remote_possible` tinyint(1) DEFAULT NULL,
  `working_hours` varchar(100) COLLATE utf8mb4_unicode_ci DEFAULT NULL,
  `created_at` datetime DEFAULT NULL,
  `profile_picture` varchar(100) COLLATE utf8mb4_unicode_ci DEFAULT NULL,
  `location` varchar(200) COLLATE utf8mb4_unicode_ci DEFAULT NULL,
  `salary_min` int DEFAULT NULL,
  `salary_max` int DEFAULT NULL,
  PRIMARY KEY (`id`),
  KEY `user_id` (`user_id`),
  CONSTRAINT `job_listing_ibfk_1` FOREIGN KEY (`user_id`) REFERENCES `user` (`id`)
) ENGINE=InnoDB AUTO_INCREMENT=9 DEFAULT CHARSET=utf8mb4 COLLATE=utf8mb4_unicode_ci;
/*!40101 SET character_set_client = @saved_cs_client */;

--
-- Dumping data for table `job_listing`
--

LOCK TABLES `job_listing` WRITE;
/*!40000 ALTER TABLE `job_listing` DISABLE KEYS */;
INSERT INTO `job_listing` VALUES (3,2,'ุชูุณุนู ุฏููุฏู','ุขฺฏู ฒ','ุขฺฏู ฒ','REMOTE','HOURLY',1,NULL,1,'ฑฐ ุตุจุญ','2025-07-10 12:02:41','default.jpg',NULL,NULL,NULL),(6,2,'ุชูุณุนู ุฏููุฏู ูพุงุชูู','ูุงุฒ ุจู ฺฉ ุชูุณุนู ุฏููุฏูโ ูพุงุชูู ู flask ุฏุงุฑู ุจุง ณ ุณุงู ุณุงุจูู ฺฉุงุฑ','ูุงูุงุฑ \r\nุณูุฑ ูุง ฺฉุงุฑ\r\nุงูุฒุงุด ุญููู','REMOTE','MONTHLY',1,NULL,1,'10 ุตุจุญ ุชุง 6 ุนุตุฑ','2025-07-12 14:35:55','1000040587.jpg','ุชูุฑุงูุ ุงุณูุงูุดูุฑ',NULL,NULL),(8,20,'ุขุฒูุงุด 5','ุขุฒูุงุด 5','ูุฒุงุง ุฒุงุฏ','INTERNSHIP','MONTHLY',1,NULL,1,'10 ุตุจุญ ุชุง 5 ุนุตุฑ','2025-07-16 07:04:59','','',15000000,20000000);
/*!40000 ALTER TABLE `job_listing` ENABLE KEYS */;
UNLOCK TABLES;

--
-- Table structure for table `job_listing_report`
--

DROP TABLE IF EXISTS `job_listing_report`;
/*!40101 SET @saved_cs_client     = @@character_set_client */;
/*!50503 SET character_set_client = utf8mb4 */;
CREATE TABLE `job_listing_report` (
  `id` int NOT NULL AUTO_INCREMENT,
  `job_listing_id` int NOT NULL,
  `reporter_id` int NOT NULL,
  `reason` text COLLATE utf8mb4_unicode_ci NOT NULL,
  `created_at` datetime DEFAULT NULL,
  PRIMARY KEY (`id`),
  KEY `job_listing_id` (`job_listing_id`),
  KEY `reporter_id` (`reporter_id`),
  CONSTRAINT `job_listing_report_ibfk_1` FOREIGN KEY (`job_listing_id`) REFERENCES `job_listing` (`id`),
  CONSTRAINT `job_listing_report_ibfk_2` FOREIGN KEY (`reporter_id`) REFERENCES `user` (`id`)
) ENGINE=InnoDB AUTO_INCREMENT=2 DEFAULT CHARSET=utf8mb4 COLLATE=utf8mb4_unicode_ci;
/*!40101 SET character_set_client = @saved_cs_client */;

--
-- Dumping data for table `job_listing_report`
--

LOCK TABLES `job_listing_report` WRITE;
/*!40000 ALTER TABLE `job_listing_report` DISABLE KEYS */;
/*!40000 ALTER TABLE `job_listing_report` ENABLE KEYS */;
UNLOCK TABLES;

--
-- Table structure for table `job_profile`
--

DROP TABLE IF EXISTS `job_profile`;
/*!40101 SET @saved_cs_client     = @@character_set_client */;
/*!50503 SET character_set_client = utf8mb4 */;
CREATE TABLE `job_profile` (
  `id` int NOT NULL AUTO_INCREMENT,
  `user_id` int NOT NULL,
  `title` varchar(120) COLLATE utf8mb4_unicode_ci NOT NULL,
  `description` text COLLATE utf8mb4_unicode_ci NOT NULL,
  `portfolio_links` text COLLATE utf8mb4_unicode_ci,
  `resume_path` varchar(255) COLLATE utf8mb4_unicode_ci DEFAULT NULL,
  `contact_phone` varchar(15) COLLATE utf8mb4_unicode_ci NOT NULL,
  `contact_email` varchar(120) COLLATE utf8mb4_unicode_ci DEFAULT NULL,
  `marital_status` enum('SINGLE','MARRIED') COLLATE utf8mb4_unicode_ci DEFAULT NULL,
  `location` varchar(200) COLLATE utf8mb4_unicode_ci DEFAULT NULL,
  `birth_date` date DEFAULT NULL,
  `requested_salary_min` int DEFAULT NULL,
  `requested_salary_max` int DEFAULT NULL,
  `education_status` varchar(50) COLLATE utf8mb4_unicode_ci DEFAULT NULL,
  `highest_education_level` enum('CYCLE','DIPLOMA','ASSOCIATE','BACHELOR','MASTER','PHD') COLLATE utf8mb4_unicode_ci DEFAULT NULL,
  `created_at` datetime DEFAULT NULL,
  `profile_picture` varchar(100) COLLATE utf8mb4_unicode_ci DEFAULT NULL,
  `military_status` enum('NOT_APPLICABLE','COMPLETED','EXEMPT','PENDING') COLLATE utf8mb4_unicode_ci DEFAULT NULL,
  `updated_at` datetime DEFAULT NULL,
  PRIMARY KEY (`id`),
  UNIQUE KEY `user_id` (`user_id`),
  CONSTRAINT `job_profile_ibfk_1` FOREIGN KEY (`user_id`) REFERENCES `user` (`id`)
) ENGINE=InnoDB AUTO_INCREMENT=5 DEFAULT CHARSET=utf8mb4 COLLATE=utf8mb4_unicode_ci;
/*!40101 SET character_set_client = @saved_cs_client */;

--
-- Dumping data for table `job_profile`
--

LOCK TABLES `job_profile` WRITE;
/*!40000 ALTER TABLE `job_profile` DISABLE KEYS */;
INSERT INTO `job_profile` VALUES (2,2,'ุขุฒูุงุด','ุขุฒูุงุดณ','https://baam.bmi.ir/fa/signup?mode=forgotPass, https://cafebazaar.ir/app/com.example.stockdivarapp',NULL,'09228192173','hoseini@gmail.com','MARRIED','ุงุณูุงูุดูุฑ',NULL,15000000,15000000,'ูุงุฑุบ ุงูุชุญุตู','BACHELOR','2025-07-12 05:51:24','WhatsApp-Image-2025-02-18-at-21.37.23.jpeg','COMPLETED','2025-07-13 04:35:15'),(3,20,'ุขุฒูุงุด2','ุขุฒูุงุด4','https://www.google.com/search?q=katty.testbazaar%40gmail.com&oq=katty.testbazaar%40gmail.com&gs_lcrp=EgZjaHJvbWUyBggAEEUYOTIGCAEQRRg60gEHNTU5ajBqN6gCCLACAfEFsIBaIpj3kg8&sourceid=chrome&ie=UTF-8&sei=IpRiaLfsFKafptQPyZbpkQ0,https://www.google.com/search?q=09167418321&oq=09167418321&gs_lcrp=EgZjaHJvbWUyBggAEEUYOdIBCTM3MTA0ajBqNKgCALACAA&sourceid=chrome&ie=UTF-8,https://www.google.com/search?q=%D9%85%D9%84%DB%8C+%D9%BE%DB%8C%D8%A7%D9%85%DA%A9&oq=%D9%85%D9%84%DB%8C+&gs_lcrp=EgZjaHJvbWUqDQgBEAAYgwEYsQMYgAQyBggAEEUYOTINCAEQABiDARixAxiABDIKCAIQABixAxiABDITCAMQLhiDARivARjHARixAxiABDINCAQQABiDARixAxiABDINCAUQABiDARixAxiABDIHCAYQABiABDIKCAcQLhixAxiABDIHCAgQABiABDIHCAkQABiABNIBCDMxNjZqMGo3qAIIsAIB8QWE1a3M05Cu_PEFhNWtzNOQrvw&sourceid=chrome&ie=UTF-8&sei=IpRiaOH0FNiJptQPhrGI8QQ',NULL,'09910689541','Ssss@gmail.com','SINGLE','ุชูุฑุงู',NULL,13000000,20000000,'ุฏุฑ ุญุงู ุชุญุตู','MASTER','2025-07-12 08:22:47','icon_2-min-min_1_1.jpg','COMPLETED','2025-07-16 06:37:40'),(4,24,'ุงุฏูู ู ุงุฏุชูุฑ ','ุงุฏูู ู ุงุฏุชูุฑ ูุฏู ู ุนฺฉุณ ูุณุชู ุ ูุฑุง ุงุณุชุฎุฏุงู ฺฉูุฏ ูุฎูุงูู ุงุฒ ุดุบู ฺฉูููู ุงูุตุฑุงู ุฏูู ุฑุณู ูุฑุง ฺฉุชฺฉ ูุฒูุฏ ','',NULL,'09059124214','','SINGLE','ุงุณูุงูุดูุฑ',NULL,15000000,20000000,'ูุงุฑุบ ุงูุชุญุตู','CYCLE','2025-07-13 10:46:49','','NOT_APPLICABLE','2025-07-13 10:46:49');
/*!40000 ALTER TABLE `job_profile` ENABLE KEYS */;
UNLOCK TABLES;

--
-- Table structure for table `job_profile_report`
--

DROP TABLE IF EXISTS `job_profile_report`;
/*!40101 SET @saved_cs_client     = @@character_set_client */;
/*!50503 SET character_set_client = utf8mb4 */;
CREATE TABLE `job_profile_report` (
  `id` int NOT NULL AUTO_INCREMENT,
  `job_profile_id` int NOT NULL,
  `reporter_id` int NOT NULL,
  `reason` text COLLATE utf8mb4_unicode_ci NOT NULL,
  `created_at` datetime DEFAULT NULL,
  PRIMARY KEY (`id`),
  KEY `job_profile_id` (`job_profile_id`),
  KEY `reporter_id` (`reporter_id`),
  CONSTRAINT `job_profile_report_ibfk_1` FOREIGN KEY (`job_profile_id`) REFERENCES `job_profile` (`id`),
  CONSTRAINT `job_profile_report_ibfk_2` FOREIGN KEY (`reporter_id`) REFERENCES `user` (`id`)
) ENGINE=InnoDB DEFAULT CHARSET=utf8mb4 COLLATE=utf8mb4_unicode_ci;
/*!40101 SET character_set_client = @saved_cs_client */;

--
-- Dumping data for table `job_profile_report`
--

LOCK TABLES `job_profile_report` WRITE;
/*!40000 ALTER TABLE `job_profile_report` DISABLE KEYS */;
/*!40000 ALTER TABLE `job_profile_report` ENABLE KEYS */;
UNLOCK TABLES;

--
-- Table structure for table `message`
--

DROP TABLE IF EXISTS `message`;
/*!40101 SET @saved_cs_client     = @@character_set_client */;
/*!50503 SET character_set_client = utf8mb4 */;
CREATE TABLE `message` (
  `id` int NOT NULL AUTO_INCREMENT,
  `sender_id` int DEFAULT NULL,
  `receiver_id` int DEFAULT NULL,
  `content` text COLLATE utf8mb4_unicode_ci NOT NULL,
  `timestamp` datetime DEFAULT NULL,
  `conversation_id` int DEFAULT NULL,
  `replied_to_id` int DEFAULT NULL,
  `file_path` varchar(255) COLLATE utf8mb4_unicode_ci DEFAULT NULL,
  `is_read` tinyint(1) NOT NULL,
  PRIMARY KEY (`id`),
  KEY `sender_id` (`sender_id`),
  KEY `replied_to_id` (`replied_to_id`),
  KEY `conversation_id` (`conversation_id`),
  KEY `receiver_id` (`receiver_id`),
  KEY `ix_message_is_read` (`is_read`),
  CONSTRAINT `message_ibfk_1` FOREIGN KEY (`sender_id`) REFERENCES `user` (`id`),
  CONSTRAINT `message_ibfk_2` FOREIGN KEY (`receiver_id`) REFERENCES `user` (`id`),
  CONSTRAINT `message_ibfk_3` FOREIGN KEY (`conversation_id`) REFERENCES `conversation` (`id`),
  CONSTRAINT `message_ibfk_4` FOREIGN KEY (`replied_to_id`) REFERENCES `message` (`id`),
  CONSTRAINT `message_ibfk_5` FOREIGN KEY (`conversation_id`) REFERENCES `conversation` (`id`),
  CONSTRAINT `message_ibfk_6` FOREIGN KEY (`conversation_id`) REFERENCES `conversation` (`id`),
  CONSTRAINT `message_ibfk_7` FOREIGN KEY (`conversation_id`) REFERENCES `conversation` (`id`),
  CONSTRAINT `message_ibfk_8` FOREIGN KEY (`receiver_id`) REFERENCES `user` (`id`)
) ENGINE=InnoDB AUTO_INCREMENT=128 DEFAULT CHARSET=utf8mb4 COLLATE=utf8mb4_unicode_ci;
/*!40101 SET character_set_client = @saved_cs_client */;

--
-- Dumping data for table `message`
--

LOCK TABLES `message` WRITE;
/*!40000 ALTER TABLE `message` DISABLE KEYS */;
INSERT INTO `message` VALUES (2,1,9,'ุณูุงู ุนุฒุฒ','2025-05-10 13:24:38',1,NULL,NULL,0),(3,1,9,'ุฎูุจ..','2025-05-10 13:24:48',1,NULL,NULL,0),(4,9,1,'ุฎูุจุ','2025-05-10 13:27:23',1,NULL,NULL,0),(5,1,9,'ุชุณุช','2025-05-10 13:49:30',1,NULL,NULL,0),(6,1,9,'ุขุฒูุงุด','2025-05-10 13:49:37',1,NULL,NULL,0),(7,1,9,'sghlfds','2025-05-10 13:53:38',1,NULL,NULL,0),(8,1,9,'ุฎูุจุ','2025-05-10 13:59:55',1,NULL,NULL,0),(9,1,9,'ุฎูุจุ','2025-05-10 14:00:19',1,NULL,NULL,0),(10,1,9,'ุฎูุจุ','2025-05-10 14:05:17',1,NULL,NULL,0),(11,1,9,'ุฎูุจุ','2025-05-10 14:05:18',1,NULL,NULL,0),(12,1,9,'ุฎูุจุ','2025-05-10 14:05:22',1,NULL,NULL,0),(13,9,1,'ููููู','2025-05-10 14:08:53',1,NULL,NULL,0),(16,1,9,'..','2025-05-10 15:10:00',1,NULL,NULL,0),(17,1,9,'..','2025-05-10 15:10:58',1,NULL,NULL,0),(18,1,9,'ูุงุชู','2025-05-10 15:11:16',1,NULL,NULL,0),(21,1,9,'ุนฺฉุณ ูุญุตูู','2025-05-10 15:17:55',1,NULL,'c9028c65-4b27-4e5c-a3dd-40f950e7c41c.jpg',0),(22,9,1,'ุนฺฉุณ','2025-05-11 04:13:48',1,NULL,'IMG_20250507_215458_395.jpg',0),(23,2,9,'ุณูุงู','2025-05-14 05:43:15',2,NULL,NULL,0),(24,2,9,'ุฎูุจุ','2025-05-14 05:43:20',2,NULL,NULL,0),(25,2,9,'ุนฺฉุณ...','2025-05-14 05:43:40',2,NULL,'png',0),(26,2,9,'ุจูุณุฑุฏูุจุฑ','2025-05-14 06:26:20',2,NULL,NULL,0),(27,2,9,'ุจูุฏูุงุฏู','2025-05-14 06:26:24',2,NULL,NULL,0),(28,2,9,'ุณูุงู','2025-05-14 06:30:41',2,NULL,NULL,0),(29,6,2,'ุณูุงู','2025-05-14 16:49:06',4,NULL,NULL,1),(30,2,6,'ุฎูุจุ','2025-05-14 16:49:17',4,NULL,NULL,1),(31,6,2,'ูุทูุง ููุชุงูฺฉ','2025-05-14 16:49:21',4,NULL,NULL,1),(33,2,6,'ุฏุฑุณ','2025-05-20 05:29:06',4,NULL,'Estandard_1.pdf',1),(34,2,9,'ุณูุงู','2025-05-26 12:32:51',2,NULL,NULL,0),(35,2,9,'ุฎูุจุ','2025-05-26 12:32:58',2,NULL,NULL,0),(36,2,9,'ุณูุงู','2025-05-26 12:35:43',2,NULL,NULL,0),(37,2,9,'ุณูุงู','2025-05-26 12:38:09',2,NULL,NULL,0),(38,2,9,'ุฎูุจุ','2025-05-26 12:42:04',2,NULL,NULL,0),(39,2,9,'ฺุทูุฑุ','2025-05-26 12:42:19',2,NULL,NULL,0),(40,2,9,'ุนฺฉุณ','2025-05-26 12:43:28',2,NULL,'noBgWhite1cut.png',0),(41,2,9,'hello','2025-05-26 12:46:22',2,NULL,NULL,0),(42,2,9,'ุณูุงูููู','2025-05-26 12:48:30',2,NULL,NULL,0),(43,2,9,'ุณูุณุฑุฒ','2025-05-26 12:53:02',2,NULL,NULL,0),(44,2,9,'ุจุฑุจูุฑุซูู','2025-05-26 12:58:39',2,NULL,NULL,0),(45,2,9,'ุณูุณุฑุฒ','2025-05-26 13:01:12',2,NULL,NULL,0),(46,2,9,'ุณูุณุฑุฒ','2025-05-26 13:01:38',2,NULL,NULL,0),(47,2,9,'ฺฉุญุณูููุชุบ','2025-05-26 13:03:37',2,NULL,NULL,0),(48,2,9,'ุจูุงูุบุงุช','2025-05-26 13:03:55',2,NULL,NULL,0),(49,2,9,'fsdvhjty','2025-05-26 13:10:55',2,NULL,NULL,0),(50,2,9,'u;sl','2025-05-26 13:18:36',2,NULL,'noBgWhite1cut.png',0),(51,2,9,'ุณูุงูููู','2025-05-26 13:28:32',2,NULL,'noBgWhite1cut.png',0),(52,2,9,'jsdckjsdcv','2025-05-26 13:29:20',2,NULL,'3009-Szlifierka-katowa-SPARKY-PROFESSIONAL-MA-2200.jpg',0),(53,2,9,'ุนฺฉุณ','2025-05-26 13:29:41',2,NULL,'3009-Szlifierka-katowa-SPARKY-PROFESSIONAL-MA-2200.jpg',0),(54,2,9,'cgbfgn','2025-05-26 13:37:11',2,NULL,NULL,0),(55,2,9,'sghl','2025-06-07 08:50:51',2,NULL,NULL,0),(56,2,9,'ุณูุงู','2025-06-07 09:49:28',2,NULL,NULL,0),(57,9,2,'ุณูุงู','2025-06-07 10:00:47',2,NULL,NULL,1),(58,9,2,'ุฎูุจ','2025-06-07 10:01:06',2,NULL,NULL,1),(59,9,2,'ุนฺฉุณ','2025-06-07 10:01:39',2,NULL,'a30974df8f88c3269d4e2e0c884f6d8f.jpg',1),(60,2,9,'ุณูุงููููู','2025-06-07 10:09:44',2,NULL,NULL,0),(61,2,9,'ุณูุงููููู','2025-06-07 10:09:45',2,NULL,NULL,0),(62,2,9,'ุนฺฉุณ','2025-06-07 10:10:25',2,NULL,'1496233079391.webp',0),(63,2,9,'ุณูุงู','2025-06-07 10:28:35',2,NULL,NULL,0),(64,2,9,'ุนฺฉุณ ูู','2025-06-07 10:28:52',2,NULL,'Screenshot_20250607-124619_Stock.jpg',0),(65,2,9,'ุณูุงู\r\nุฎูุจ\r\nฺุทูุฑุ','2025-06-07 10:38:22',2,NULL,NULL,0),(71,20,2,'ุฏุฑูุฏุ ุนฺฉุณ ูุง ุจุดุชุฑ ุงุฒ ุฏุฑู ุดุงุฑฺ ููุฑุณุชุฏุ','2025-06-07 15:08:36',5,NULL,NULL,1),(73,2,20,'ุนฺฉุณ ุฌุฏุฏ','2025-06-08 03:33:57',5,NULL,'IMG-20250529-WA0002.jpg',1),(74,2,24,'ุณูุงู','2025-06-09 04:46:00',6,NULL,NULL,1),(75,2,24,'ุนฺฉุณ','2025-06-09 04:46:53',6,NULL,'555_1.png',1),(76,2,20,'ุณูุงู','2025-06-10 04:00:22',5,NULL,NULL,1),(77,2,6,'ุฏุฑูุฏ','2025-06-12 08:51:04',4,NULL,NULL,1),(78,2,9,'ฺฉ ุนฺฉุณ ฑ','2025-06-12 12:15:55',2,NULL,'20250528_155158.jpg',0),(79,20,2,'ุณูุงู','2025-06-12 12:46:43',5,NULL,NULL,1),(80,20,2,'ุฎูุจุ','2025-06-12 13:09:40',5,NULL,NULL,1),(81,20,2,'ุฏุฑูุฏ','2025-06-12 13:16:26',5,NULL,NULL,1),(82,2,6,'ุฎูุจุ','2025-06-12 13:28:58',4,NULL,NULL,1),(84,2,20,'ูพุงุณุฎ','2025-06-12 14:35:06',5,NULL,NULL,1),(85,2,6,'ุณูุงู','2025-06-19 10:42:25',4,NULL,NULL,1),(86,2,6,'ุงุฑุณุงู','2025-06-19 10:45:38',4,NULL,'Screenshot_20250607-124619_Stock.jpg',1),(87,2,6,'ุณูุงู','2025-06-19 10:47:07',4,NULL,NULL,1),(88,6,2,'ุณูุงู','2025-06-19 10:47:13',4,NULL,NULL,1),(89,6,2,'ูุงุงุญุงุญุงุงุญ','2025-06-19 10:47:36',4,NULL,'IMG_20250617_024345_036.jpg',1),(90,2,9,'ุณูุงู','2025-06-25 11:18:27',2,NULL,NULL,0),(91,2,6,'ุฏุฑูุฏ. ููุช ุฏุฑู ุดุงุฑฺ ฺูุฏุ','2025-06-26 13:30:20',4,NULL,NULL,1),(92,2,9,'ุนฺฉุณ','2025-06-27 07:53:14',2,NULL,'1000040732.jpg',0),(93,2,9,'ุณูุงู','2025-06-29 07:38:49',2,NULL,NULL,0),(94,2,9,'ุฏุฑูุฏ...','2025-06-29 07:47:53',2,NULL,NULL,0),(95,2,6,'thdg','2025-06-29 08:33:35',4,NULL,'o5gotzynxa.pdf',0),(96,17,2,'ุชูุฑฺฉ','2025-07-04 08:57:25',7,NULL,NULL,1),(97,2,17,'ููู ุฏูุณุชุช ุฏุงุฑู','2025-07-04 08:58:02',7,NULL,NULL,0),(98,17,2,'ุฌุงู','2025-07-04 08:58:08',7,NULL,NULL,1),(99,2,17,'ุนฺฉุณุณุณุณ','2025-07-04 08:58:26',7,NULL,'1000040586.jpg',0),(100,36,2,'.','2025-07-04 16:34:25',8,NULL,NULL,1),(101,2,36,'ุฏุฑูุฏ','2025-07-04 16:34:53',8,NULL,NULL,1),(102,36,2,'ุณูุงุงุงุงู','2025-07-04 16:35:02',8,NULL,NULL,1),(103,2,36,'ุนฺฉุณ','2025-07-04 16:35:42',8,NULL,'1000040587.jpg',1),(104,36,2,'....','2025-07-04 16:35:47',8,NULL,'Screenshot_20250703-131418_Instagram.jpg',1),(105,36,2,'ุนุฑูุงุงุงุงุงุงุงู','2025-07-04 16:36:29',8,NULL,NULL,1),(106,36,2,'ุนุฑูุงู','2025-07-04 16:36:33',8,NULL,NULL,1),(107,2,20,'..','2025-07-06 11:15:57',5,NULL,NULL,1),(108,39,24,'ุณูุงู','2025-07-07 08:37:50',9,NULL,NULL,1),(109,7,24,'ุณูุงู','2025-07-07 09:12:52',10,NULL,NULL,1),(110,2,6,'ุณูุงู','2025-07-07 11:29:43',4,NULL,NULL,0),(111,2,9,'...','2025-07-07 13:02:24',2,NULL,NULL,0),(112,2,20,'ูพูพูพ','2025-07-07 13:14:38',5,NULL,NULL,1),(113,2,20,'ูพุงู','2025-07-07 13:23:27',5,NULL,NULL,1),(114,2,20,'ูพุงู ูู','2025-07-07 13:45:47',5,NULL,NULL,1),(115,20,2,'ุณูุงู','2025-07-07 13:46:01',5,NULL,NULL,1),(116,2,20,'ุฎูุจุ','2025-07-07 13:46:10',5,NULL,NULL,1),(117,20,2,'ุฎูุจู','2025-07-07 13:46:17',5,NULL,NULL,1),(118,20,2,'ุณููุฑุฒุฎุณู','2025-07-07 13:51:55',5,NULL,NULL,1),(119,20,2,'ุชุนุงูุนุง','2025-07-07 13:53:48',5,NULL,NULL,1),(120,2,20,'Jdjdyeb','2025-07-08 07:17:39',5,NULL,NULL,1),(121,2,20,'Kjdh','2025-07-08 07:17:45',5,NULL,NULL,1),(122,20,2,'ุทูุฐุจุฐ ุจุฐ','2025-07-09 05:15:13',5,NULL,NULL,1),(123,20,2,'ูุถุฒุณุญุฏุตุฎูุซุจุฎุตูุซุจุชุฑู','2025-07-09 14:21:29',5,NULL,NULL,1),(124,40,24,'ุณฺฉุชุฑ ุจุงุจุง','2025-07-13 10:51:45',12,NULL,NULL,1),(125,40,24,'ู ูููู ูู ุฒุงุฏู','2025-07-13 10:51:51',12,NULL,NULL,1),(126,2,24,'ุณูุงู ุฌฺฏุฑ','2025-07-13 10:51:51',6,NULL,NULL,1),(127,20,2,'ูพุงู','2025-07-15 14:29:09',5,NULL,NULL,0);
/*!40000 ALTER TABLE `message` ENABLE KEYS */;
UNLOCK TABLES;

--
-- Table structure for table `product`
--

DROP TABLE IF EXISTS `product`;
/*!40101 SET @saved_cs_client     = @@character_set_client */;
/*!50503 SET character_set_client = utf8mb4 */;
CREATE TABLE `product` (
  `id` int NOT NULL AUTO_INCREMENT,
  `name` varchar(100) COLLATE utf8mb4_unicode_ci NOT NULL,
  `description` text COLLATE utf8mb4_unicode_ci,
  `price` float NOT NULL,
  `category_id` int NOT NULL,
  `created_at` datetime DEFAULT NULL,
  `updated_at` datetime DEFAULT NULL,
  `promoted_until` datetime DEFAULT NULL,
  `user_id` int NOT NULL,
  `is_promoted` tinyint(1) DEFAULT NULL,
  `address` varchar(1000) COLLATE utf8mb4_unicode_ci NOT NULL,
  `postal_code` varchar(20) COLLATE utf8mb4_unicode_ci DEFAULT NULL,
  `product_type` enum('NEW','STOCK','USED','NEEDS_REPAIR') COLLATE utf8mb4_unicode_ci NOT NULL,
  `views` int DEFAULT NULL,
  `status` varchar(20) COLLATE utf8mb4_unicode_ci DEFAULT NULL,
  `expires_at` datetime DEFAULT NULL,
  `brand` varchar(100) COLLATE utf8mb4_unicode_ci DEFAULT NULL,
  `image_path` varchar(255) COLLATE utf8mb4_unicode_ci DEFAULT NULL,
  PRIMARY KEY (`id`),
  KEY `category_id` (`category_id`),
  KEY `user_id` (`user_id`),
  CONSTRAINT `product_ibfk_1` FOREIGN KEY (`category_id`) REFERENCES `category` (`id`),
  CONSTRAINT `product_ibfk_2` FOREIGN KEY (`user_id`) REFERENCES `user` (`id`)
) ENGINE=InnoDB AUTO_INCREMENT=123 DEFAULT CHARSET=utf8mb4 COLLATE=utf8mb4_unicode_ci;
/*!40101 SET character_set_client = @saved_cs_client */;

--
-- Dumping data for table `product`
--

LOCK TABLES `product` WRITE;
/*!40000 ALTER TABLE `product` DISABLE KEYS */;
INSERT INTO `product` VALUES (13,'ุชุณุช','ุชุณุช',10000000,5,'2025-05-05 13:46:16','2025-05-05 15:44:17',NULL,7,0,'ุงูุงู-ุฏููุฑุงู','','NEW',0,'awaiting_payment',NULL,NULL,NULL),(21,'ูู ูุฑุฒ  ุดุงุฑฺ ','ูู ูุฑุฒ ุดุงุฑฺ ุจุฑูุฏ ูุงฺฉุชุง ุงุตู ',6300000,3,'2025-05-07 13:35:16','2025-05-19 08:53:57',NULL,9,0,'ุงูุจุฑุฒ-ูุฑุฏุณ','','USED',0,'published',NULL,'bosch','1e089b3798f0c70e62d6cd7c9ce842ecf2053f32_1711829054.jpg'),(22,'ุฏุฑู ุดุงุฑฺ ','ุฏุฑู ุดุงุฑฺ 3 ฺฉุงุฑู  ุจุฑูุฏ ูุงฺฉุชุง\r\n18ููุช',9300000,2,'2025-05-07 13:38:21','2025-05-24 05:08:08',NULL,9,0,'ุงูุจุฑุฒ-ูุฑุฏุณ','','USED',0,'published',NULL,'ronix','1e089b3798f0c70e62d6cd7c9ce842ecf2053f32_1711829054_1.jpg'),(24,'ุฏุฑู ุดุงุฑฺ ','ุฏุฑู ุดุงุฑฺ  18ููุช  ุจุฑูุฏ ูุงฺฉุชุง \r\nุจุฏูู ุจุงุชุฑ ุดุงุฑฺุฑ ',4200000,2,'2025-05-07 13:47:33','2025-05-19 08:51:57',NULL,9,0,'ุงูุจุฑุฒ-ูุฑุฏุณ','','USED',0,'published',NULL,'hilti','TH_70E.jpg'),(55,'ููู ุดุงุฑฺ','ูฺฺฏ ูุง\r\nฺฏุฑู ุดุฏู ุณุฑุน\r\nูุดุงูฺฏุฑ ุญุฑุงุฑุช\r\nุชูุงู: ูุชุฑ 90 ูุงุช',12000000,13,'2025-05-28 14:51:08','2025-06-29 12:34:44',NULL,20,0,'ุงุตููุงู-ุชุฑุงู ู ฺฉุฑูู','','STOCK',0,'published','2025-06-27 14:51:08','milwaukee','1000039172.jpg'),(56,'ุฏุฑู ุดุงุฑฺ','ููุชุงฺ: ฒฒ ููุช\r\nููุชูุฑ ุจุฏูู ุฐุบุงู\r\nุฏู ุณุฑุนุชู\r\nุณู ูุธุงู: ููุฒ ฑณ ูููุชุฑ',14000000,2,'2025-05-28 15:05:19','2025-05-28 15:32:18',NULL,20,0,'ุงุตููุงู-ุชุฑุงู ู ฺฉุฑูู','','STOCK',0,'published','2025-06-27 15:05:19','hilti','1000039173.jpg'),(57,'ุฏุฑู ุดุงุฑฺ','ุฑูฺฏ: ุฒุฑุฏ\r\nููุงุณุจ ุจุฑุง ฺฉุงุฑูุง ุนููู ุณูุฑุงุฎฺฉุงุฑ ู ู ูพฺ ุจูุฏ',8000000,2,'2025-05-28 15:10:05','2025-06-29 12:34:33',NULL,20,0,'ุงุตููุงู-ุชุฑุงู ู ฺฉุฑูู','','USED',0,'published','2025-06-27 15:10:05','dewalt','1000039175.jpg'),(58,'ุณุช ุขฺุงุฑ ุณุชุงุฑู ุง','ุจุฑุง ุชุนูุฑุงุช ุฎูุฏุฑูุ ุฏูฺุฑุฎู ู ูููุชุงฺ ูุจููุงู ุงุณุชูุงุฏู ูุดูุฏ\r\n',2500000,14,'2025-05-28 15:24:55','2025-06-11 20:08:18',NULL,20,0,'ุงุตููุงู-ุชุฑุงู ู ฺฉุฑูู','','NEW',0,'published','2025-06-27 15:24:55','wurth','20250528_155158.jpg'),(59,'ุฏุฑู ุดุงุฑฺ','ุฏุฑู-ูพฺโฺฏูุดุช ุดุงุฑฺ\r\nุฑูฺฏ ูุงุฑูุฌ\r\nุณู ูุธุงู',12000000,2,'2025-05-28 15:28:24','2025-05-28 15:32:38',NULL,20,0,'ุงุตููุงู-ุชุฑุงู ู ฺฉุฑูู','','USED',0,'published','2025-06-27 15:28:24','AEG','1000039176.jpg'),(60,'ูุฑุฒ ุดุงุฑฺ','18 ููุช\r\nุณุฑุนุช ุญุฏูุฏ ฑฐฐฐฐ ุชุง ฑฑฐฐฐ ุฏูุฑ ุฏุฑ ุฏููู',14000000,3,'2025-05-30 11:42:26','2025-07-02 10:44:26',NULL,20,0,'ุงุตููุงู-ุชุฑุงู ู ฺฉุฑูู','','STOCK',1,'published','2025-06-29 11:42:26','makita','1000039331.jpg'),(61,'ุชุฑุงุฒ ูุฒุฑ Dewalt 3-Beam Laser Level',' 3 ูพุฑุชู\r\nุฎูุฏุชุฑุงุฒ\r\nุฏุงุฑุง ููู ูพุงูุฏูู',17000000,5,'2025-05-30 11:58:36','2025-07-02 10:47:35',NULL,2,0,'ุฒูุฌุงู-ุฎุฑูุฏุฑู','','USED',7,'published','2025-06-29 11:58:36','dewalt','20250528_160504.jpg'),(62,'ูุฑุฒ ุดุงุฑฺ Ryobi ONE+ 18V Cordless Angle Grinder','ููุชุงฺ: ฑธ ููุชุ ุจุฎุด ุงุฒ ุณุณุชู ฺฏุณุชุฑุฏู ONE+ ุฑุงูุจ\r\nุทุฑุงุญ: ุฏุงุฑุง ุฏุณุชฺฏุฑู ฺฉูฺฉ ุจุง ูุงุจูุช ูุตุจ ุฏุฑ ฺูุฏ ุฌูุช ู ูุญุงูุธ ุตูุญู ูุงุจู ุชูุธู ุจุฏูู ูุงุฒ ุจู ุงุจุฒุงุฑ.\r\nฺฉุงุฑุจุฑุฏ: ููุงุณุจ ุจุฑุง ุจุฑุดุ ุณุงุจ ู ูพุฑุฏุงุฎุช ููุฒุงุชุ ุณูฺฏ ู ฺฉุงุด ุฏุฑ ูฺฉุงูโูุง ฺฉู ุฏุณุชุฑุณ ุจู ุจุฑู ูุฌูุฏ ูุฏุงุฑุฏ',15000000,3,'2025-05-30 12:04:23','2025-07-08 19:11:00',NULL,2,0,'ุฒูุฌุงู-ุฎุฑูุฏุฑู','','STOCK',1,'published','2025-06-29 12:04:23','ryobi','20250528_161048.jpg'),(66,'ูุฑุฒ ุงูฺฏุดุช','ูุฑุฒ ุงูฺฏุดุช ุฏุฑ ุญุฏ ูู ู ุณุงูู',15000000,3,'2025-06-07 16:06:30','2025-07-03 21:11:15',NULL,2,0,'ุฒูุฌุงู-ุฎุฑูุฏุฑู','','STOCK',0,'published','2025-07-07 16:06:30','makita','WhatsApp_Image_2025-06-07_at_09.02.31.jpeg'),(67,'ูู ูุฑุฒ','ูู ูุฑุฒ ุจุฑู ุจุฑูุฏ AEG\r\nฺฉุงุฑ ฺฉุฑุฏูุ ุฏุณุช ุฏูู',10000000,3,'2025-06-07 16:08:47','2025-06-07 16:08:59',NULL,2,0,'ุฒูุฌุงู-ุฎุฑูุฏุฑู','','USED',0,'published','2025-07-07 16:08:47','AEG','WhatsApp_Image_2025-06-07_at_09.02.50.jpeg'),(68,'ุฏุฑู ุดุงุฑฺู ููุช','ุฏุฑู ุดุงุฑฺ ููุช ฺฉุงููุง ูู ู ุงุณุชูุงุฏู ูุดุฏู\r\n',37000000,2,'2025-06-07 16:10:44','2025-06-07 16:10:52',NULL,2,0,'ุฒูุฌุงู-ุฎุฏุงุจูุฏู','','NEW',0,'published','2025-07-07 16:10:44','hilti','WhatsApp_Image_2025-06-07_at_09.03.07.jpeg'),(69,'ุจุชู ฺฉู','ุจุชู ฺฉู ุดุงุฑฺ BOSCH\r\nุณู ฺฉุงุฑู ุฏุฑ ุญุฏ ูู',12000000,2,'2025-06-07 16:13:35','2025-06-07 16:13:42',NULL,2,0,'ุฒูุฌุงู-ุฎุฏุงุจูุฏู','','STOCK',0,'published','2025-07-07 16:13:35','bosch','WhatsApp_Image_2025-06-07_at_09.03.47.jpeg'),(70,'ุชููฺฏ ูุฎฺฉูุจ ููุช','ุชููฺฏ ูุฎฺฉูุจ dx 450',17000000,11,'2025-06-07 17:27:10','2025-06-08 07:48:29',NULL,24,0,'ูุฑุณุชุงู-ุงูฺฏูุฏุฑุฒ','','USED',0,'published','2025-07-07 17:27:10','hilti','1000096039.jpg'),(72,'ูู ุณูฺฏ ูุงฺฉุชุง','ูู ุณูฺฏ ูุงฺฉุชุง ุดุงุฑฺ',14500000,3,'2025-06-07 17:34:27','2025-06-07 18:08:29',NULL,24,0,'ูุฑุณุชุงู-ุงูฺฏูุฏุฑุฒ','','USED',0,'published','2025-07-07 17:34:27','makita','1000096040.jpg'),(73,'ุดุงุฑฺุฑ ูุชูู ุฏูุงูุช ฑฒ ุชุง ฑธ ููุช ','',7500000,13,'2025-06-08 07:50:10','2025-06-08 07:50:21',NULL,24,0,'ูุฑุณุชุงู-ุงูฺฏูุฏุฑุฒ','','USED',0,'published','2025-07-08 07:50:10','dewalt','1000096059.jpg'),(74,'ุจุงุชุฑ ูุชูู ูููุงฺฉ ฑฒ ููุช ','',4500000,13,'2025-06-08 07:51:18','2025-06-08 07:51:29',NULL,24,0,'ูุฑุณุชุงู-ุงูฺฏูุฏุฑุฒ','','USED',0,'published','2025-07-08 07:51:18','milwaukee','1000096058.jpg'),(75,'ุดุงุฑฺุฑ ูฺฉู ุฏูุงูุช ','ุดุงุฑฺุฑ ุจุงุชุฑ ูฺฉู ฺฉุงุฏููู ุ ฺฉูุช ุจุงูุง ',6500000,13,'2025-06-08 07:53:00','2025-06-08 07:54:19',NULL,24,0,'ูุฑุณุชุงู-ุงูฺฏูุฏุฑุฒ','','USED',0,'published','2025-07-08 07:53:00','dewalt','1000096057.jpg'),(76,'ุจุงุทุฑ ูุชูู ฑธ ููุช ุฑูุจ ','ุจุงุทุฑ ูุชูู ฑธ ููุช ุฑูุจ ',4800000,13,'2025-06-08 07:59:33','2025-06-08 07:59:52',NULL,24,0,'ูุฑุณุชุงู-ุงูฺฏูุฏุฑุฒ','','USED',0,'published','2025-07-08 07:59:33','ryobi','1000096055.jpg'),(77,'ุดุงุฑฺุฑ ุจุงุทุฑ ุจูุด ูุณู ุฌุฏุฏ','ุดุงุฑฺุฑ ุจุงุทุฑ ุจูุด ูุชูู ูู ูุณู ุฌุฏุฏ ',7600000,13,'2025-06-08 08:01:25','2025-06-08 08:01:38',NULL,24,0,'ูุฑุณุชุงู-ุงูฺฏูุฏุฑุฒ','','USED',0,'published','2025-07-08 08:01:25','bosch','1000096054.jpg'),(78,'ุดุงุฑฺุฑ ุจุงุทุฑ ุจูุด ูุณู ูุฏู','ุดุงุฑฺุฑ ุจุงุทุฑ ุจูุด ูฺฉู ฺฉุงุฏููู ',4300000,13,'2025-06-08 08:03:19','2025-06-08 08:06:28',NULL,24,0,'ูุฑุณุชุงู-ุงูฺฏูุฏุฑุฒ','','USED',0,'published','2025-07-08 08:03:19','bosch','1000096052.jpg'),(79,'ุจุงุชุฑ ูุชูู ูุงฺฉุชุง ','ุจุงุชุฑ ูุชูู ูุงฺฉุชุง ฑธ ููุช ณ ุขููพุฑ ',7300000,13,'2025-06-08 08:04:54','2025-06-08 08:06:32',NULL,24,0,'ูุฑุณุชุงู-ุงูฺฏูุฏุฑุฒ','','USED',0,'published','2025-07-08 08:04:54','makita','1000096051.jpg'),(80,'ุจุงุทุฑ ูุชูู ูููุงฺฉ M18','ุจุงุทุฑ ูุชูู ฑธ ููุช ูููุงฺฉ ',4400000,13,'2025-06-08 08:06:12','2025-06-08 08:06:30',NULL,24,0,'ูุฑุณุชุงู-ุงูฺฏูุฏุฑุฒ','','USED',0,'published','2025-07-08 08:06:12','milwaukee','1000096041.jpg'),(81,'ุดุงุฑฺุฑ ุจุงุทุฑ ูุงฺฉุชุง ูุณู ูุฏู','ุดุงุฑฺุฑ ุจุงุทุฑ ูุงฺฉุชุง ูฺฉู ฺฉุงุฏููู ',4700000,13,'2025-06-08 08:08:33','2025-06-08 08:08:48',NULL,24,0,'ูุฑุณุชุงู-ุงูฺฏูุฏุฑุฒ','','USED',0,'published','2025-07-08 08:08:33','makita','1000096042.jpg'),(82,'ุดุงุฑฺุฑ ุจุงุทุฑ ูุชูู ูุณู ุฌุฏุฏ ูุงฺฉุชุง','ุดุงุฑฺุฑ ุจุงุทุฑ ูุชูู ูู ูุงฺฉุชุง ูู ุฏุงุฑ ',7300000,13,'2025-06-08 08:10:47','2025-06-08 08:14:20',NULL,24,0,'ูุฑุณุชุงู-ุงูฺฏูุฏุฑุฒ','','USED',0,'published','2025-07-08 08:10:47','makita','1000096043.jpg'),(83,'ุดุงุฑฺุฑ ูุชูู AEG ','ุดุงุฑฺุฑ ุจุงุทุฑ ฑฒ  ู ฑธ ููุช AEG ูุณู ุฌุฏุฏ',6300000,13,'2025-06-08 08:15:53','2025-06-08 08:18:27',NULL,24,0,'ูุฑุณุชุงู-ุงูฺฏูุฏุฑุฒ','','USED',0,'published','2025-07-08 08:15:53','AEG','1000096044.jpg'),(84,'Wood cutter ุงุตู ูุงฺฉุชุง','ฺฉู ุงุณุชูุงุฏู ุดุฏู ุณุฑ ููุช ุฑุงู ูุงู',6900000,6,'2025-06-08 08:19:22','2025-06-08 08:19:55',NULL,24,0,'ูุฑุณุชุงู-ุงูฺฏูุฏุฑุฒ','','USED',0,'published','2025-07-08 08:19:22','makita','1000096046.jpg'),(85,'ุดุงุฑฺุฑ AEG ูู ุฏุงุฑ ุฏูุจู ูุชูู','',8500000,13,'2025-06-08 08:36:17','2025-07-02 11:00:29',NULL,24,0,'ูุฑุณุชุงู-ุงูฺฏูุฏุฑุฒ','','STOCK',2,'published','2025-07-08 08:36:17','AEG','1000096047.jpg'),(86,'ูุชุฑ ูุฒุฑ AEG ','ูุชุฑ ูุฒุฑ AEG ุจุงุชุฑ ุฎูุฑ ุจุง ฺฉูุช',4800000,5,'2025-06-09 04:44:04','2025-07-02 10:28:23',NULL,24,0,'ูุฑุณุชุงู-ุงูฺฏูุฏุฑุฒ','','STOCK',1,'published','2025-07-09 04:44:04','AEG','1000096301.jpg'),(87,'ุฏุฑู ุจุชู ฺฉู ููุช ุฏูฺฉุงุฑู ุขููุงู','ุณูุงูุช \r\nูุงุจุฑฺฉ \r\nุฏุฑุญุฏ ูู\r\n',12500000,2,'2025-06-09 22:10:51','2025-06-09 23:24:22',NULL,18,0,'ุชูุฑุงู-ุชูุฑุงู','','NEW',0,'awaiting_payment','2025-07-09 22:10:51','hilti','1000079869.jpg'),(88,'ฺฉุฑฺฏุฑ ููุช ','ุณุงูู ูุงุจุฑฺฉ ุฏุฑุญุฏ ูู\r\nุจุง ูพุงู ฺฉุงูู ูุงุฑฺฉ ููุช Ddฑถฐ',91000000,1,'2025-06-09 22:30:17','2025-06-10 00:24:22',NULL,18,0,'ุชูุฑุงู-ุงุณูุงูุดูุฑ','','STOCK',0,'awaiting_payment','2025-07-09 22:30:17','hilti','1000087718.jpg'),(89,'ุงูุจุฑ ุฏุณุช ููุง ุขููุงู','ุงูุจุฑ ุฏุณุช \r\nุณู ฺู\r\nุฏูโุจุงุฑฺฉ \r\nุฎุงุฑุจุงุฒ ฺฉู ู ุฌูุน ฺฉู',1600000,10,'2025-06-09 22:35:32','2025-06-10 00:24:22',NULL,18,0,'ุชูุฑุงู-ุงุณูุงูุดูุฑ','','NEW',0,'awaiting_payment','2025-07-09 22:35:32','bosch','1000068458.jpg'),(90,'ูพุฑุณ ูููู ุดุงุฑฺ ููุช','ุณูุงูุช ุนุงู\r\nุฏูุจุงุทุฑ \r\nฑุดุงุฑฺุฑ\r\nฑูฺฉ',72000000,13,'2025-06-10 16:10:59','2025-06-10 17:24:22',NULL,18,0,'ุชูุฑุงู-ุงุณูุงูุดูุฑ','','NEW',0,'awaiting_payment','2025-07-10 16:10:59','hilti','1000088082.jpg'),(91,'ูุฎฺฉูุจ ููุช','ุณูุงูุช ูุงุจุฑฺฉ ',9600000,11,'2025-06-10 16:12:45','2025-06-10 17:24:22',NULL,18,0,'ุชูุฑุงู-ุงุณูุงูุดูุฑ','','NEW',0,'awaiting_payment','2025-07-10 16:12:45','hilti','1000088090.jpg'),(95,'ุชุณุช','ุชุณุช',2000000,7,'2025-07-07 08:37:04','2025-07-07 10:34:17',NULL,39,0,'ุชูุฑุงู-ุชูุฑุงู','','NEW',0,'awaiting_payment','2025-08-06 08:37:04','makita','1000053615.jpg'),(96,'ฺฺฉุด ุชุฎุฑุจ ููุช (ุจุชู ฺฉู) ูุฏู TE 1500-AVR','ฺฺฉุด ุชุฎุฑุจ (ุจุชู ฺฉู) ุญุฑููโุง ููุช ูุฏู TE 1500-AVR\r\nุฏุณุชฺฏุงู ฺฉุงููุงู ุณุงูู ู ุขูุงุฏู ุจู ฺฉุงุฑ ุงุณุช. ุงู ฺฺฉุด ุชุฎุฑุจ ฺฉ ุงุฒ ููโุชุฑู ู ุจุง ุฏูุงูโุชุฑู ูุญุตููุงุช ููุช ุจุฑุง ฺฉุงุฑูุง ุณูฺฏู ุณุงุฎุชูุงู ุงุณุช. ุจู ูุทู ุณุณุชู ุถุฏ ูุฑุฒุด AVRุ ฺฉุงุฑุจุฑ ููฺฏุงู ฺฉุงุฑ ฺฉูุชุฑู ุฎุณุชฺฏ ุฑุง ุงุญุณุงุณ ูโฺฉูุฏ.\r\nุงุฏูโุขู ุจุฑุง ุชุฎุฑุจ ุงููุงุน ุจุชูุ ุณูฺฏ ู ุขุณูุงูุช. ฺฏุฒููโุง ุจโูุธุฑ ุจุฑุง ูพูุงูฺฉุงุฑุงู ู ูุชุฎุตุตู ุณุงุฎุชูุงู. ุฏุณุชฺฏุงู ุจู ุดุฑุท ุชุณุช ู ุณูุงูุช ฺฉุงูู ูุฑูุฎุชู ูโุดูุฏ.',80000000,15,'2025-07-09 12:13:13','2025-07-09 12:29:59',NULL,2,0,'ุชูุฑุงู-ุงุณูุงูุดูุฑ','','STOCK',0,'published','2025-08-08 12:13:13','hilti','Te_1500_2.png'),(97,'ูพุฑูฺฺฉุชูุฑ (ฺุฑุงุบ ฺฉุงุฑ) ุดุงุฑฺ ููุช ูุฏู SL 6-A22','ูพุฑูฺฺฉุชูุฑ ุดุงุฑฺ ุญุฑููโุง ู ูพุฑููุฑ ููุช ูุฏู SL 6-A22\r\nฺุฑุงุบ ฺฉุงุฑ ุฏุฑ ุญุฏ ููุ ฺฉุงููุงู ุณุงูู ู ุจู ููุฑุงู ุจุงุชุฑ ู ุดุงุฑฺุฑ ุงูุฑุฌูุงู ุนุฑุถู ูโุดูุฏ. ุงู ูพุฑูฺฺฉุชูุฑ ุจุง ููุฑ ูููโุงูุนุงุฏู ณฐฐฐ ูููู ุฎูุฏุ ูุฑ ูุถุง ุชุงุฑฺฉ ุฑุง ุฏุฑ ูุญุท ฺฉุงุฑ ุฑูุดู ูโฺฉูุฏ. ุจุฏูู ุถุฏ ุถุฑุจู ู ุทุฑุงุญ ููุดููุฏุงูู ุขู ุจุฑุง ุงุณุชูุงุฏู ุฏุฑ ุณุฎุชโุชุฑู ุดุฑุงุท ฺฉุงุฑฺฏุงู ุณุงุฎุชู ุดุฏู ุงุณุช. ุจูุชุฑู ุงูุชุฎุงุจ ุจุฑุง ฺฉุงุฑ ุฏุฑ ุดุจุ ูุถุงูุง ุฏุงุฎู ุจุฏูู ุจุฑู ู ูพุฑูฺูโูุง ุณุงุฎุชูุงู.',28500000,13,'2025-07-09 12:15:44','2025-07-09 12:30:02',NULL,2,0,'ุชูุฑุงู-ุงุณูุงูุดูุฑ','','NEW',0,'published','2025-08-08 12:15:44','hilti','Sl_6-a22_28.500.png'),(98,'ุงุฑู ุนููุฏุจุฑ (ฺฺฉุด) ุดุงุฑฺ ููุช ูุฏู SJD 6-A22','ุงุฑู ุนููุฏุจุฑ ุดุงุฑฺ (ุงุฑู ฺฺฉุด) ููุช ูุฏู SJD 6-A22\r\nุฏุณุชฺฏุงู ฺฉุงููุงู ุณุงููุ ูุฏุฑุชููุฏ ู ุขูุงุฏู ุจู ฺฉุงุฑ ูโุจุงุดุฏ. ุงู ุงุฑู ุจุง ุจุงุชุฑ ฒฒ ููุชุ ูุฏุฑุช ู ุฏูุช ูุนุงุฏู ุฏุณุชฺฏุงูโูุง ุณู ุฑุง ุจู ุดูุง ุงุฑุงุฆู ูโุฏูุฏ. ุจุฑุง ุจุฑุด ุงููุงุน ฺูุจุ ููุฒ ู ุณุงุฑ ูุชุฑุงูโูุง ุงุฏูโุขู ุงุณุช. ุจู ุฏูู ุดุงุฑฺ ุจูุฏูุ ุจุฑุง ฺฉุงุฑ ุฏุฑ ูุฑ ูฺฉุงู ููุงุณุจ ุงุณุช. ุฏุณุชฺฏุงู ุจู ุดุฑุท ุชุณุช ู ุณูุงูุช ฺฉุงูู ูุฑูุฎุชู ูโุดูุฏ.',29300000,13,'2025-07-09 12:20:59','2025-07-09 12:30:04',NULL,2,0,'ุชูุฑุงู-ุงุณูุงูุดูุฑ','','STOCK',0,'published','2025-08-08 12:20:59','hilti','29.300_-_SJD_6-a22_2.png'),(99,'ุงุฑู ุงููโุจุฑ (ูููโฺฉุงุฑู) ููุช ูุฏู WSR 1400-PE','ุงุฑู ุงููโุจุฑ ูุฏุฑุชููุฏ ููุช ูุฏู WSR 1400-PE\r\nุฏุณุชฺฏุงู ฺฉุงููุงู ุณุงูู ู ุขูุงุฏู ุงูุฌุงู ฺฉุงุฑูุง ุณูฺฏู ุงุณุช. ุงู ุงุฑู ุจุง ููุชูุฑ ูพุฑูุฏุฑุช ฑดฐฐ ูุงุช ุฎูุฏ ุจุฑุง ุชุฎุฑุจุ ุจุฑุด ููููโูุง ููุฒุ ฺูุจุ ูพุงูุช ู ุงููุงุน ูุตุงูุญ ุณุงุฎุชูุงู ุทุฑุงุญ ุดุฏู ุงุณุช. ุณุณุชู ุถุฏ ูุฑุฒุด ุขู ุจุงุนุซ ฺฉูุชุฑู ุจูุชุฑ ู ุฎุณุชฺฏ ฺฉูุชุฑ ฺฉุงุฑุจุฑ ูโุดูุฏ. ฺฉ ุงุจุฒุงุฑ ูููโฺฉุงุฑู ู ุถุฑูุฑ ุจุฑุง ูุฑ ฺฉุงุฑฺฏุงู ุณุงุฎุชูุงู ู ุชุฃุณุณุงุช.',22000000,12,'2025-07-09 12:23:31','2025-07-09 12:30:05',NULL,2,0,'ุชูุฑุงู-ุงุณูุงูุดูุฑ','','NEW',0,'published','2025-08-08 12:23:31','hilti','hilti_wsr.png'),(100,'ุฏุฑู ฺฺฉุด ููุช ูุฏู TE 1','ุฏุฑู ฺฺฉุด ุณุจฺฉ ู ุญุฑููโุง ููุช ูุฏู TE 1\r\nุฏุณุชฺฏุงู ฺฉุงููุงู ุณุงููุ ฺฉูโฺฉุงุฑฺฉุฑุฏ ู ุขูุงุฏู ุจู ฺฉุงุฑ ุงุณุช. ุงู ุฏุฑู ุจุชูโฺฉู ุจุง ูุฒู ูพุงู ู ุทุฑุงุญ ุงุฑฺฏููููฺฉุ ุจูุชุฑู ฺฏุฒูู ุจุฑุง ุณูุฑุงุฎฺฉุงุฑโูุง ุณุฑุน ู ูุชูุงู ุฑู ุณูู ู ุฏูุงุฑ ุงุณุช. ุจุฑุง ูุตุงุจโูุง ุญุฑููโุง (ฺฉุงุจูุชุ ูพุฑุฏูุ ุฏูุฑุจู ู...) ู ฺฉุงุฑูุง ุชุฃุณุณุงุช ุจุณุงุฑ ููุงุณุจ ูโุจุงุดุฏ. ฺฉูุช ุณุงุฎุช ููุช ุชุถููโฺฉููุฏู ุฏูุงู ู ุนูุฑ ุทููุงู ุงู ุฏุณุชฺฏุงู ุงุณุช.',19000000,2,'2025-07-09 12:29:45','2025-07-09 12:30:07',NULL,2,0,'ุชูุฑุงู-ุงุณูุงูุดูุฑ','','STOCK',0,'published','2025-08-08 12:29:45','hilti','Te_1-2.png'),(101,'ุงุฑู ุนููุฏ ุจุฑ ูุชุงฺ','ุงุฑู ุนููุฏ ุจุฑ ูุชุงฺ ุงูุฑุฌูุงู',8000000,6,'2025-07-15 14:46:06','2025-07-15 14:58:33',NULL,24,0,'ุชูุฑุงู-ุชูุฑุงู','','NEW',0,'published','2025-08-14 14:46:06','makita','4.900.000.jpg'),(102,'ุจฺฉุณ ุดุงุฑฺ ูููุงฺฉ M12','ุจฺฉุณ ุดุงุฑฺ ุจุฑุงุดูุณ ฑฒ ููุช ูููุงฺฉ ุจุงุชุฑ ูุชูู',14500000,10,'2025-07-15 14:47:27','2025-07-15 14:58:38',NULL,24,0,'ุชูุฑุงู-ุชูุฑุงู','','NEW',0,'published','2025-08-14 14:47:27','milwaukee','12_18.300.0000.jpg'),(103,'ูฺ ูููู ุดุงุฑฺ ูููุงฺฉ','ูฺ ูููู ูููุงฺฉ ุฏุฑุฌู ฺฉ',21000000,13,'2025-07-15 14:48:36','2025-07-15 14:58:42',NULL,24,0,'ุชูุฑุงู-ุชูุฑุงู','','NEW',0,'published','2025-08-14 14:48:36','milwaukee','19.300.000.jpg'),(104,'ุงุณูพฺฉุฑ ุดุงุฑฺ ููุช','ุงุณูพฺฉุฑ ุดุงุฑฺ ููุช ุจุง ูุงุจูุช ุงุชุตุงู ุจู ููุจุงู ',35000000,13,'2025-07-16 05:50:22','2025-07-16 06:16:48',NULL,24,0,'ุชูุฑุงู-ุชูุฑุงู','','NEW',0,'published','2025-08-15 05:50:22','hilti','RC_436DAB01_-_27.900_2.png'),(105,'ุงุฑู ูุงุฑุณ ุจุฑ ูุงฺฉุชุง','ุงุฑู ูุงุฑุณ ุจุฑ ูุงฺฉุชุง ุณุงุฒ 37',35000000,6,'2025-07-16 05:56:09','2025-07-16 06:16:53',NULL,24,0,'ุชูุฑุงู-ุงุณูุงูุดูุฑ','','NEW',0,'published','2025-08-15 05:56:09','makita','37_.png'),(106,'ูู ูุฑุฒ ูุงฺฉุชุง ุจุฑู','ูู ูุฑุฒ ูุงฺฉุชุง ุจุฑู ูุทุนุงุช ูุงุจุฑฺฉ ',5590000,3,'2025-07-16 06:36:17','2025-07-16 06:39:03',NULL,24,0,'ุชูุฑุงู-ุชูุฑุงู','','STOCK',0,'published','2025-08-15 06:36:17','makita','4.500.000.jpg'),(107,'ุฏุฑู 4 ุดุงุฑ 4 ฺฉุงุฑู ูุงฺฉุชุง','ุฏุฑู 4 ุดุงุฑ 4 ฺฉุงุฑู ูุงฺฉุชุง ุจุฑู',7800000,2,'2025-07-16 06:37:29','2025-07-16 06:39:06',NULL,24,0,'ุชูุฑุงู-ุชูุฑุงู','','STOCK',0,'published','2025-08-15 06:37:29','makita','4_27.200.0000.jpg'),(108,'ุงุฑู ุฏุณฺฉ ู ุงููพฺฉุช ูุงฺฉุชุง','ุงุฑู ุฏุณฺฉ ู ุงููพฺฉุช ูุงฺฉุชุง ุ ุจุงุทุฑ ูุชูู ุจู ููุฑุงู ุดุงุฑฺุฑ',18000000,2,'2025-07-16 06:38:50','2025-07-16 06:39:04',NULL,24,0,'ุชูุฑุงู-ุชูุฑุงู','','STOCK',0,'published','2025-08-15 06:38:50','makita','17.900.000.jpg'),(109,'ุจุชู ฺฉู 4 ุดุงุฑ ูุงฺฉุชุง ุจู ููุฑุงู ุฌุนุจู','ุจุชู ฺฉู 4 ุดุงุฑ ูุงฺฉุชุง ุงูุฑุฌูุงู',14000000,15,'2025-07-16 06:41:51','2025-07-16 06:42:00',NULL,24,0,'ุชูุฑุงู-ุชูุฑุงู','','STOCK',0,'published','2025-08-15 06:41:51','makita','4_3_12.300.000.jpg'),(110,'ุฏุฑู ูุงฺฉุชุง ุจุงุชุฑ ูฺฉู','ุฏุฑู ุดุงุฑฺ ูุงฺฉุชุง ุจุงุชุฑ ูฺฉู ุจู ููุฑุงู ุดุงุฑฺุฑ',6700000,2,'2025-07-16 06:43:45','2025-07-16 06:50:00',NULL,24,0,'ุชูุฑุงู-ุชูุฑุงู','','STOCK',0,'published','2025-08-15 06:43:45','makita','12_6.800.000.jpg'),(111,'ุฏุฑู ูุงฺฉุชุง ูุชูู + ฺฺฉุด ุฏุงุฑ','ุฏุฑู ูุงฺฉุชุง ูุณู ุฌุฏุฏ ุจุงุชุฑ ููุชูู  ุ ฺฺฉุด ุฏุงุฑ',15000000,2,'2025-07-16 06:44:47','2025-07-16 06:50:02',NULL,24,0,'ุชูุฑุงู-ุชูุฑุงู','','STOCK',0,'published','2025-08-15 06:44:47','makita','14.300.000.jpg'),(112,'ุฏุฑู ุดุงุฑฺ ูุงฺฉุชุง ฺฺฉุด ุฏุงุฑ 18 ููุช ูุชูู','ุฏุฑู ุดุงุฑฺ ุงูุฑุฌูุงู ูุงฺฉุชุง ฺฺฉุด ุฏุงุฑ ุจู ููุฑุงู ุจุงุชุฑ ุดุงุฑฺุฑ',16000000,2,'2025-07-16 06:46:09','2025-07-16 06:50:05',NULL,24,0,'ุชูุฑุงู-ุชูุฑุงู','','NEW',0,'published','2025-08-15 06:46:09','makita','15.700.000_2.jpg'),(113,'ุฏุฑู ูุงฺฉุชุง ุดุงุฑฺ ูุชูู','ุฏุฑู ูุงฺฉุชุง ุดุงุฑฺ ูุชูู ุจู ููุฑุงู ุจุงุชุฑ ุดุงุฑฺุฑ ฺฺฉุด ุฏุงุฑ',15700000,2,'2025-07-16 06:47:47','2025-07-16 06:50:03',NULL,24,0,'ุชูุฑุงู-ุชูุฑุงู','','STOCK',0,'published','2025-08-15 06:47:47','makita','15.700.000.jpg'),(114,'ุฏุฑู ุดุงุฑฺ ูุชูู ูุงฺฉุชุง','ุฏุฑู ุดุงุฑฺ 18 ููุช ูุงฺฉุชุง ุจู ููุฑุงู ุจุงุชุฑ ุดุงุฑฺุฑ ',15300000,2,'2025-07-16 06:49:49','2025-07-16 06:49:57',NULL,24,0,'ุชูุฑุงู-ุชูุฑุงู','','STOCK',0,'published','2025-08-15 06:49:49','makita','14.300.000_2.jpg'),(115,'ูุฎฺฉูุจ ุช ูพู ูุงุฑฺฉ ุจุฑุช','ูุฎฺฉูุจ ุช ูพู ูุงุฑฺฉ ุจุฑุช ',5300000,11,'2025-07-16 07:40:45','2025-07-16 07:46:39',NULL,24,0,'ุชูุฑุงู-ุชูุฑุงู','','STOCK',0,'published','2025-08-15 07:40:45','bosch','5.300.000.jpg'),(116,'ุฏุฑู AEG ุงุตู ูู ุขฺฉุจูุฏ ุจู ููุฑุงู ุฌุนุจู','ุฏุฑู AEG ุงุตู ูู ุขฺฉุจูุฏ ุจู ููุฑุงู ุฌุนุจู',7300000,2,'2025-07-16 07:41:30','2025-07-16 07:46:40',NULL,24,0,'ุชูุฑุงู-ุชูุฑุงู','','NEW',0,'published','2025-08-15 07:41:30','AEG','4.190.000.jpg'),(117,'ูุฎฺฉูุจ ุดุงุฑฺ ูุชูู AEG','ูุฎฺฉูุจ ุดุงุฑฺ ูุชูู AEG',38000000,11,'2025-07-16 07:42:13','2025-07-16 07:46:44',NULL,24,0,'ุชูุฑุงู-ุชูุฑุงู','','NEW',0,'published','2025-08-15 07:42:13','AEG','67.000.000.jpg'),(118,'ูู ูุฑุฒ ุจุฑู AEG','ูู ูุฑุฒ ุจุฑู AEG ุจู ููุฑุงู ุฌุนุจู ุฏุณุชู ู ุดูุฏ',7500000,3,'2025-07-16 07:46:23','2025-07-16 07:46:42',NULL,24,0,'ุชูุฑุงู-ุชูุฑุงู','','NEW',0,'published','2025-08-15 07:46:23','AEG','4.800.000.jpg'),(119,'ูุฎฺฉูุจ ุช ูพู ุจุง ฺฉูุช','ูุฎฺฉูุจ ุช ูพู ุจุง ฺฉูุช',4300000,11,'2025-07-16 08:12:07','2025-07-16 08:18:34',NULL,24,0,'ุชูุฑุงู-ุชูุฑุงู','','NEW',0,'published','2025-08-15 08:12:07','bosch','4.300.000.jpg'),(120,'ููฺฏูู ุจุงุฏ ุณููุงฺฉ ฺุงูพู','ููฺฏูู ุจุงุฏ ุณููุงฺฉ ฺุงูพู',3900000,11,'2025-07-16 08:13:44','2025-07-16 08:18:38',NULL,24,0,'ุชูุฑุงู-ุชูุฑุงู','','NEW',0,'published','2025-08-15 08:13:44','makita','3.900.000.jpg'),(121,'ููฺฏูู ุจุงุฏ ุฌุช ฺฉุฑู ุง','ููฺฏูู ุจุงุฏ ุฌุช ฺฉุฑู ุง',1800000,11,'2025-07-16 08:14:48','2025-07-16 08:18:35',NULL,24,0,'ุชูุฑุงู-ุชูุฑุงู','','STOCK',0,'published','2025-08-15 08:14:48','makita','1.800.000.jpg'),(122,'ุจฺฉุณ ุจุงุฏ ุฌููุณ','ุจฺฉุณ ุจุงุฏ ุณู ฺูุงุฑู ุฌููุณ ',11300000,10,'2025-07-16 08:18:23','2025-07-16 08:18:32',NULL,24,0,'ุชูุฑุงู-ุชูุฑุงู','','STOCK',0,'published','2025-08-15 08:18:23','hilti','11.000.000.jpg');
/*!40000 ALTER TABLE `product` ENABLE KEYS */;
UNLOCK TABLES;

--
-- Table structure for table `product_image`
--

DROP TABLE IF EXISTS `product_image`;
/*!40101 SET @saved_cs_client     = @@character_set_client */;
/*!50503 SET character_set_client = utf8mb4 */;
CREATE TABLE `product_image` (
  `id` int NOT NULL AUTO_INCREMENT,
  `image_path` varchar(255) COLLATE utf8mb4_unicode_ci NOT NULL,
  `product_id` int NOT NULL,
  PRIMARY KEY (`id`),
  KEY `product_id` (`product_id`),
  CONSTRAINT `product_image_ibfk_1` FOREIGN KEY (`product_id`) REFERENCES `product` (`id`)
) ENGINE=InnoDB AUTO_INCREMENT=41 DEFAULT CHARSET=utf8mb4 COLLATE=utf8mb4_unicode_ci;
/*!40101 SET character_set_client = @saved_cs_client */;

--
-- Dumping data for table `product_image`
--

LOCK TABLES `product_image` WRITE;
/*!40000 ALTER TABLE `product_image` DISABLE KEYS */;
INSERT INTO `product_image` VALUES (4,'20250528_155158.jpg',58),(5,'20250528_160504.jpg',61),(6,'20250528_160504.jpg',61),(9,'1000053615.jpg',95),(10,'Te_1500_2.png',96),(11,'Te_1500.png',96),(12,'Sl_6-a22_28.500.png',97),(13,'Sl_6-a22_28.500_2.png',97),(14,'29.300_-_SJD_6-a22_2.png',98),(15,'29.300_-_SJD_6-a22.png',98),(16,'hilti_wsr.png',99),(17,'Te_1-2.png',100),(18,'Te_1.png',100),(19,'4.900.000.jpg',101),(20,'12_18.300.0000.jpg',102),(21,'19.300.000.jpg',103),(22,'RC_436DAB01_-_27.900_2.png',104),(23,'37_.png',105),(24,'4.500.000.jpg',106),(25,'4_27.200.0000.jpg',107),(26,'17.900.000.jpg',108),(27,'4_3_12.300.000.jpg',109),(28,'12_6.800.000.jpg',110),(29,'14.300.000.jpg',111),(30,'15.700.000_2.jpg',112),(31,'15.700.000.jpg',113),(32,'14.300.000_2.jpg',114),(33,'5.300.000.jpg',115),(34,'4.190.000.jpg',116),(35,'67.000.000.jpg',117),(36,'4.800.000.jpg',118),(37,'4.300.000.jpg',119),(38,'3.900.000.jpg',120),(39,'1.800.000.jpg',121),(40,'11.000.000.jpg',122);
/*!40000 ALTER TABLE `product_image` ENABLE KEYS */;
UNLOCK TABLES;

--
-- Table structure for table `report`
--

DROP TABLE IF EXISTS `report`;
/*!40101 SET @saved_cs_client     = @@character_set_client */;
/*!50503 SET character_set_client = utf8mb4 */;
CREATE TABLE `report` (
  `id` int NOT NULL AUTO_INCREMENT,
  `product_id` int NOT NULL,
  `reporter_id` int NOT NULL,
  `text` text COLLATE utf8mb4_unicode_ci NOT NULL,
  `created_at` datetime DEFAULT NULL,
  PRIMARY KEY (`id`),
  KEY `product_id` (`product_id`),
  KEY `reporter_id` (`reporter_id`),
  CONSTRAINT `report_ibfk_1` FOREIGN KEY (`product_id`) REFERENCES `product` (`id`),
  CONSTRAINT `report_ibfk_2` FOREIGN KEY (`reporter_id`) REFERENCES `user` (`id`)
) ENGINE=InnoDB AUTO_INCREMENT=14 DEFAULT CHARSET=utf8mb4 COLLATE=utf8mb4_unicode_ci;
/*!40101 SET character_set_client = @saved_cs_client */;

--
-- Dumping data for table `report`
--

LOCK TABLES `report` WRITE;
/*!40000 ALTER TABLE `report` DISABLE KEYS */;
INSERT INTO `report` VALUES (11,86,2,'ฺฉุฒุงุฑุด','2025-07-03 07:56:30'),(12,80,7,'.','2025-07-07 09:13:38');
/*!40000 ALTER TABLE `report` ENABLE KEYS */;
UNLOCK TABLES;

--
-- Table structure for table `signup_temp_data`
--

DROP TABLE IF EXISTS `signup_temp_data`;
/*!40101 SET @saved_cs_client     = @@character_set_client */;
/*!50503 SET character_set_client = utf8mb4 */;
CREATE TABLE `signup_temp_data` (
  `id` int NOT NULL AUTO_INCREMENT,
  `phone` varchar(11) COLLATE utf8mb4_unicode_ci NOT NULL,
  `code` varchar(4) COLLATE utf8mb4_unicode_ci NOT NULL,
  `created_at` datetime DEFAULT NULL,
  `expires_at` datetime NOT NULL,
  PRIMARY KEY (`id`),
  UNIQUE KEY `phone` (`phone`)
) ENGINE=InnoDB AUTO_INCREMENT=18 DEFAULT CHARSET=utf8mb4 COLLATE=utf8mb4_unicode_ci;
/*!40101 SET character_set_client = @saved_cs_client */;

--
-- Dumping data for table `signup_temp_data`
--

LOCK TABLES `signup_temp_data` WRITE;
/*!40000 ALTER TABLE `signup_temp_data` DISABLE KEYS */;
INSERT INTO `signup_temp_data` VALUES (1,'09910689541','7626','2025-05-10 11:46:49','2025-05-10 11:51:49'),(4,'09910689542','8208','2025-05-10 11:51:17','2025-05-10 11:56:17'),(6,'09910689543','1269','2025-05-10 11:53:51','2025-05-10 11:58:51'),(8,'09910689544','7837','2025-05-10 11:58:23','2025-05-10 12:03:23'),(9,'09910689545','8857','2025-05-10 12:06:22','2025-05-10 12:11:22'),(10,'09910689546','5301','2025-05-10 12:08:47','2025-05-10 12:13:47'),(11,'09910689547','7023','2025-05-10 12:10:34','2025-05-10 12:15:34'),(12,'09910689548','2617','2025-05-10 12:11:46','2025-05-10 12:16:46'),(13,'09910689549','4348','2025-05-10 12:13:34','2025-05-10 12:18:34'),(14,'09910689540','9890','2025-05-10 12:15:27','2025-05-10 12:20:27'),(16,'09910689550','8505','2025-05-10 12:19:01','2025-05-10 12:24:01'),(17,'09910689551','5346','2025-05-10 12:21:46','2025-05-10 12:26:46');
/*!40000 ALTER TABLE `signup_temp_data` ENABLE KEYS */;
UNLOCK TABLES;

--
-- Table structure for table `user`
--

DROP TABLE IF EXISTS `user`;
/*!40101 SET @saved_cs_client     = @@character_set_client */;
/*!50503 SET character_set_client = utf8mb4 */;
CREATE TABLE `user` (
  `id` int NOT NULL AUTO_INCREMENT,
  `username` varchar(64) CHARACTER SET utf8mb4 COLLATE utf8mb4_unicode_ci DEFAULT NULL,
  `email` varchar(120) CHARACTER SET utf8mb4 COLLATE utf8mb4_unicode_ci DEFAULT NULL,
  `phone` varchar(11) CHARACTER SET utf8mb4 COLLATE utf8mb4_unicode_ci DEFAULT NULL,
  `national_id` varchar(10) CHARACTER SET utf8mb4 COLLATE utf8mb4_unicode_ci DEFAULT NULL,
  `password_hash` varchar(256) COLLATE utf8mb4_unicode_ci DEFAULT NULL,
  `is_admin` tinyint(1) DEFAULT NULL,
  `bazaar_account_id` varchar(128) COLLATE utf8mb4_unicode_ci DEFAULT NULL,
  `bazaar_refresh_token` text COLLATE utf8mb4_unicode_ci,
  `bazaar_access_token` text COLLATE utf8mb4_unicode_ci,
  `fcm_token` varchar(255) COLLATE utf8mb4_unicode_ci DEFAULT NULL,
  `is_banned` tinyint(1) NOT NULL,
  `ban_reason` varchar(255) COLLATE utf8mb4_unicode_ci DEFAULT NULL,
  PRIMARY KEY (`id`),
  UNIQUE KEY `national_id` (`national_id`),
  UNIQUE KEY `phone` (`phone`),
  UNIQUE KEY `email` (`email`),
  UNIQUE KEY `username` (`username`),
  UNIQUE KEY `bazaar_account_id` (`bazaar_account_id`),
  UNIQUE KEY `fcm_token` (`fcm_token`)
) ENGINE=InnoDB AUTO_INCREMENT=41 DEFAULT CHARSET=utf8mb4 COLLATE=utf8mb4_unicode_ci;
/*!40101 SET character_set_client = @saved_cs_client */;

--
-- Dumping data for table `user`
--

LOCK TABLES `user` WRITE;
/*!40000 ALTER TABLE `user` DISABLE KEYS */;
INSERT INTO `user` VALUES (1,'ููุช','erfan85.parham94@gmail.com','09123456789','0110826817','scrypt:32768:8:1$DVrXn7DO3PLaAYIt$ee086158a72f0f39bd1d75923ac8789792f3bcaf0cdadb569031631c529232f24b89143865d899d5ee5f6dc3566004bb443ca68879fdeefda0f993483c49d5dd',1,NULL,NULL,NULL,NULL,0,NULL),(2,'ุนุฑูุงู','hoseini@gmail.com','09228192173','0110826818','scrypt:32768:8:1$dfds5o1QbqmsWqHz$413d27ae2687210ae51f903a33d69978f601d17bb960d724ba4d3f9b7659ec1295ce4f97da59e51581a7a5272a51e9f82c0340ccf1b6280f53d0e3ec34f54f14',1,NULL,NULL,NULL,NULL,0,NULL),(6,'ูุฏุงฺฉุงุฑ','ali.fadakar56@gmail.com','09127068862','1728502349','scrypt:32768:8:1$n0uMbrTm3qqTNHym$2b5e68c2dcb862a7a8bfbefce485bc9ca93bbd13e5635d558b2a159762e8dcfc7c8c6fe2b7b5097f3ff48695876d81ebd825159121e4b38d462b3ba593cfeeaa',0,NULL,NULL,NULL,NULL,0,NULL),(7,'Test','katty.testbazaar@gmail.com','09966190543','1001011104','scrypt:32768:8:1$sxI0YALXjeIgH98a$24ab2673aa67c12777911df14abf49a35ec3ed7965fe5ca4f6c73039a9eec19594a50307b20207cf52356e1ac58567d0a93959c5fa6d7b6aea0bc24aa10cce9b',0,NULL,NULL,NULL,NULL,0,NULL),(9,'ุทุงูุง ุจูุจูุฏ','badebehbodi66@gmail.com','09352499191','0020050437','scrypt:32768:8:1$cTRmA57RoBZWIcD8$f14324d534b6cb3a39b0e1cd972c2b2b86e9de39980fe9ec95418c563af9c65bb9cef0cf3f2ab3246112e0caee469be2d00a6164dfc905c74662ff4c2daa42e7',1,NULL,NULL,NULL,NULL,0,NULL),(16,'ูุฏุงูุฑุงุฏ','yaldamoradi833@gamil.com','09351056589','5560893234','scrypt:32768:8:1$4OUwfaUoHAlbEpuz$9101ffd57c1fcb74e2d644ddf64e58443d38901e5c9801801cde2f4f6cd5a026929c2e0d106697b708af165d737fc39aca125b0bbf9b7528b9b1c0b377333c0c',1,NULL,NULL,NULL,NULL,0,NULL),(17,'Hadiooo','hadihd477@gmail.com','09107730819','0200814885','scrypt:32768:8:1$VABEhZ2IeHDjj7id$ca16e62b71274e3866a256bc442a6970d1aa19d2fb00adb7e49d2c4a8d31313b039f1cc2ff898e7713df974223ec2d989b2ba99651268c7b55a54670d97353b6',0,NULL,NULL,NULL,NULL,0,NULL),(18,'ุญุฏุฑ ','','09122719204','0084298502','scrypt:32768:8:1$E3x91N0NrqCVVcty$ab20918fb4f31c55947c281d86514863078374ba7fbc465b41de7655c11c13e7ed231b93e5f30faf5ecdd1b39ec61b8fd82fc25ba169b6be606b75e75351298e',1,NULL,NULL,NULL,NULL,0,NULL),(20,'ูุญูุฏ ุงุดฺฉุงู','Ssss@gmail.com','09910689541','0123454321','scrypt:32768:8:1$FEkxl7ZiabxT6j3B$aa1209e550d37e36a9bebf78a31ecd20ff1148288c4f265857fda544d6ccce551e392f4e957479af95ec5b1da1d61fcc22974b142a60110b39dee3e3cf03f3f4',1,NULL,NULL,NULL,NULL,0,NULL),(21,'ูุฑู ุญุณู',NULL,'09194989427','123456787','scrypt:32768:8:1$iERtUUmi2jp3rFjF$9994a967a2b54cf9f85e0449aa5fd10b32279840967dab052c15531d7c033eecf7b98f0c8dc77a11dd990bdaba34363ce740964d80a712e60e53374738cbad2f',0,NULL,NULL,NULL,NULL,0,NULL),(22,'Parham.94.hf',NULL,'09228321427','0154492000','scrypt:32768:8:1$B3nJeQdfraEFGG0k$b3cea6b1062dbdf1974d58056d2659c05366c64d99b295df436ebd6f4ddbc25fa11be5325e6a553a9943459ae864772222d8720ccfa46326a95a40d0518b00d5',0,NULL,NULL,NULL,NULL,0,NULL),(23,'ุทุงูุง',NULL,'09366766461','1234543212','scrypt:32768:8:1$LT9uBebJcMMehPp3$32e4198557daa998f30319325157a396d53b604d77d9778d75e8ec21bd2d2a236571f4e88ce8633ef9dc059f39f4fc80317013f1690f51f56fca5d73f1561ea1',0,NULL,NULL,NULL,NULL,0,NULL),(24,'Danial',NULL,'09059124214','5570701599','scrypt:32768:8:1$m5HTkZpdFMPL0wl1$5b61ec3d19e74a262f1312a44219053dc7940ecfa2f74cd6e87b78562ba2b4c5e35187e6f18f50c060da0a5f86ed24f14ff8494cac8ff8eb6e619535d3340b36',1,NULL,NULL,NULL,NULL,0,NULL),(25,'zahra.1385','zahrajwanmrd216@gmail.com','09338461108','0110797604','scrypt:32768:8:1$qDaa7oJmn8J4UWl8$77014213e86f04fa458d0d5a20602a1e786f5b6350644a00a101fee8c92fe509af1cf613ea1d3c9bc0c9ced54e15b0a17cd34ceca4cd380a46c6d6a3ee09efbe',0,NULL,NULL,NULL,NULL,0,NULL),(26,'arash. 130','arashjavanmard5@gmail.com','09103631460','2594316644','scrypt:32768:8:1$3gU2EmgDOIdlzZpG$c48cc204546ad56df3702f0d2a04ba407ae27b403ffd6e7b628124b071eac3e89cb3c3b7481e19bf8c71517251221cac91baed9a09462460d5706fbcd006ae6b',0,NULL,NULL,NULL,NULL,0,NULL),(27,'ุนุงุทูุช',NULL,'09030312920','2294358521','scrypt:32768:8:1$WWGfbkvSNEeri1ya$f5b8fd13697c089ee154c4465731db56cc90885866c0283176480c8aa2aacae1bcfd80d4276f3119f5ed25e3ecca9572d2e161bb9990370f997e631d16941abd',0,NULL,NULL,NULL,NULL,0,NULL),(28,'Z.shin',NULL,'09035204260','0019353952','scrypt:32768:8:1$uCdjVtzvS00zPPuv$3a449bc3dce43aaaa8b8622a75247435c14f247a30527c9aa9d29f4cf257ed27fe6d3f434a05f125a9c307dad815fd68d9775f7f82f73c1eb94959b49ed40705',0,NULL,NULL,NULL,NULL,0,NULL),(29,'Kenpachee',NULL,'09185682504','4949911155','scrypt:32768:8:1$l1J8mdDeNY09Cxxv$ae3f266f25eec9204f189e24a9bddd160a6d86dab40980dfcc5c4c9ebbbc11ea6c87a575fb74806eddaddf4b63ee01dec1de528c33706f4621092fdc9697cfe5',0,NULL,NULL,NULL,NULL,0,NULL),(30,'Reza',NULL,'09355169190','0037202170','scrypt:32768:8:1$t7StSAwYjLNtYYQT$42a85e322312c9b62047128dc99634395b47b4004ab7126cf7dd676ac30d4b4b5c6da8c61e1dead464bee53fb893c1fd7c59cf89ad1370f25bd09578c7030872',0,NULL,NULL,NULL,NULL,0,NULL),(31,'12922',NULL,'09124174220','0065403657','scrypt:32768:8:1$L93dNJovffkQY6pN$cd716459efe0e9a32752dce3d6154f956aa81d955c787f1d6448ce7e600c408259c83089662538b73a20d3555e7aeffe0d812b52fc3a348d69400a9e14e8e388',0,NULL,NULL,NULL,NULL,0,NULL),(32,'13631363zA@',NULL,'09365585969','4219735623','scrypt:32768:8:1$P33YU55WVDxi5rZd$295ff1c6f3bee67c8e96601b83f9c61f4d3bc521631c1b7ce49198c0bc867e711c3f1d1536f9d5fa4984c6042cb9298133e22ccd2405e0489fedaf0838c02896',0,NULL,NULL,NULL,NULL,0,NULL),(33,'Aaa',NULL,'09902335820','0150959761','scrypt:32768:8:1$vFXgTz2jLkcboR9d$e23261ad00c4cbf071a4176c6722fd65008b4f1659c29edfe2448e6f6f654dd0fe38cdd53b9d63137b1b462f061bf492cd69f89cadce298d28eb9793133f66f9',0,NULL,NULL,NULL,NULL,0,NULL),(34,'ุนุฏูุงู ุฒุฑุงู',NULL,'09375707709','1890139361','scrypt:32768:8:1$Bh2Cn1zIbi9mhrp7$606b01ff9afba7e165e2344a492ae28a7d0ce517c95c16689971c79c176e398e0f273a9bc4c28a1df56e32815c56430d43670052a275966adb11a2996bdde9ef',0,NULL,NULL,NULL,NULL,0,NULL),(35,'Sarbandi',NULL,'09190217819','0056336111','scrypt:32768:8:1$ryUKoryz8cAMyhrG$4323e19d6b92bc55e79025a1bba10f84588ac94e7d07f88f9f87ba0f1c985ec3bd6c76615a6bdb3693683a00ee01f0e7bd99d13c6cda3dc2d059002642081479',0,NULL,NULL,NULL,NULL,0,NULL),(36,'Sanaz.mehrabi',NULL,'09380319575','4901419617','scrypt:32768:8:1$QA2jB3SuaPkSLFOd$8e6b4e0895412971aaead3037a304e297594930c3ddf48ce87c1ad36117279d6caf2d8f76e82e21e104f78004079e641bc9477c9989af8b5175c3b82fb8d979f',0,NULL,NULL,NULL,NULL,0,NULL),(37,'ุชุณุช',NULL,'09966190557','123456789','scrypt:32768:8:1$FFlrXjO9Kcd3GuQn$9117c75fe33659065916175908177db29f8594d151f3639ecd7fb9d1071f08d43034f853d6547be7acd6c0b7ed28dcd7655160a8254444191d4eb417c5227c19',0,NULL,NULL,NULL,NULL,0,NULL),(38,'ุญูุฏ ',NULL,'09331223172','4040170441','scrypt:32768:8:1$pxaXabZXu9hZZAYf$4523a6bcfdb5e1a2b4587051127b16fa4f4bc7d84c3f3b230aa25351a197906e164f35ea575abc343df53572e477f3db7d113bcbbb6715e771658542f7d6d2b3',0,NULL,NULL,NULL,NULL,0,NULL),(39,'km2020',NULL,'09966190556','1234567890','scrypt:32768:8:1$a2qPeNKZrjZMYgtM$95241c04f4a4c31134f3315426b067b22a7d4ff31a5e24c95f813c9766317771df2e5b94cf755e70049f1f1b38d38c5b23b5393e430e502e60f8c57ee416ebe4',0,NULL,NULL,NULL,NULL,0,NULL),(40,'ุงูุฑุญุณู',NULL,'09037019589','097865328','scrypt:32768:8:1$u2hcZCaHWOTMYrxm$6ce88c1234c59c65a9cdaa476f1c66da7f7e821248165d0988da74f5b90db38af17b7ab127ed7df871cfbc8fe52e49b9cdc0a3bfb11e9ae8278013da508f53c7',0,NULL,NULL,NULL,NULL,0,NULL);
/*!40000 ALTER TABLE `user` ENABLE KEYS */;
UNLOCK TABLES;

--
-- Table structure for table `user_report`
--

DROP TABLE IF EXISTS `user_report`;
/*!40101 SET @saved_cs_client     = @@character_set_client */;
/*!50503 SET character_set_client = utf8mb4 */;
CREATE TABLE `user_report` (
  `id` int NOT NULL AUTO_INCREMENT,
  `reporter_id` int NOT NULL,
  `reported_id` int NOT NULL,
  `conversation_id` int DEFAULT NULL,
  `reason` text COLLATE utf8mb4_unicode_ci NOT NULL,
  `created_at` datetime DEFAULT NULL,
  PRIMARY KEY (`id`),
  KEY `reporter_id` (`reporter_id`),
  KEY `reported_id` (`reported_id`),
  KEY `conversation_id` (`conversation_id`),
  CONSTRAINT `user_report_ibfk_1` FOREIGN KEY (`reporter_id`) REFERENCES `user` (`id`),
  CONSTRAINT `user_report_ibfk_2` FOREIGN KEY (`reported_id`) REFERENCES `user` (`id`),
  CONSTRAINT `user_report_ibfk_3` FOREIGN KEY (`conversation_id`) REFERENCES `conversation` (`id`)
) ENGINE=InnoDB AUTO_INCREMENT=2 DEFAULT CHARSET=utf8mb4 COLLATE=utf8mb4_unicode_ci;
/*!40101 SET character_set_client = @saved_cs_client */;

--
-- Dumping data for table `user_report`
--

LOCK TABLES `user_report` WRITE;
/*!40000 ALTER TABLE `user_report` DISABLE KEYS */;
INSERT INTO `user_report` VALUES (1,2,20,5,'ฺฏุฒุงุฑุด','2025-07-07 11:33:37');
/*!40000 ALTER TABLE `user_report` ENABLE KEYS */;
UNLOCK TABLES;

--
-- Table structure for table `work_experience`
--

DROP TABLE IF EXISTS `work_experience`;
/*!40101 SET @saved_cs_client     = @@character_set_client */;
/*!50503 SET character_set_client = utf8mb4 */;
CREATE TABLE `work_experience` (
  `id` int NOT NULL AUTO_INCREMENT,
  `profile_id` int NOT NULL,
  `company_name` varchar(100) COLLATE utf8mb4_unicode_ci NOT NULL,
  `job_title` varchar(100) COLLATE utf8mb4_unicode_ci NOT NULL,
  `start_date` varchar(20) COLLATE utf8mb4_unicode_ci DEFAULT NULL,
  `end_date` varchar(20) COLLATE utf8mb4_unicode_ci DEFAULT NULL,
  `description` text COLLATE utf8mb4_unicode_ci,
  PRIMARY KEY (`id`),
  KEY `profile_id` (`profile_id`),
  CONSTRAINT `work_experience_ibfk_1` FOREIGN KEY (`profile_id`) REFERENCES `job_profile` (`id`)
) ENGINE=InnoDB AUTO_INCREMENT=4 DEFAULT CHARSET=utf8mb4 COLLATE=utf8mb4_unicode_ci;
/*!40101 SET character_set_client = @saved_cs_client */;

--
-- Dumping data for table `work_experience`
--

LOCK TABLES `work_experience` WRITE;
/*!40000 ALTER TABLE `work_experience` DISABLE KEYS */;
INSERT INTO `work_experience` VALUES (2,2,'ุนููุงู ุงุฒูุงุด ณ','ุนููุงู ุขุฒูุงุด ฒ','ฑดฐฐ','ฑดฐณ',NULL),(3,3,'ุดุฑฺฉุช','ุจุฑูุงูู ููุณ','1402','1405',NULL);
/*!40000 ALTER TABLE `work_experience` ENABLE KEYS */;
UNLOCK TABLES;
/*!40103 SET TIME_ZONE=@OLD_TIME_ZONE */;

/*!40101 SET SQL_MODE=@OLD_SQL_MODE */;
/*!40014 SET FOREIGN_KEY_CHECKS=@OLD_FOREIGN_KEY_CHECKS */;
/*!40014 SET UNIQUE_CHECKS=@OLD_UNIQUE_CHECKS */;
/*!40101 SET CHARACTER_SET_CLIENT=@OLD_CHARACTER_SET_CLIENT */;
/*!40101 SET CHARACTER_SET_RESULTS=@OLD_CHARACTER_SET_RESULTS */;
/*!40101 SET COLLATION_CONNECTION=@OLD_COLLATION_CONNECTION */;
/*!40111 SET SQL_NOTES=@OLD_SQL_NOTES */;

-- Dump completed on 2025-07-16 10:23:36
